brand,model_year,mileage_km,engine_size_L,fuel_type,transmission,num_owners,accident_history,service_history,price_usd
Ford,2021,41658.0,2.0,Diesel,Automatic,1,1,Full,30700
Kia,2013,151762.0,3.0,Petrol,Automatic,3,0,None,19600
Mazda,2006,200465.0,2.0,Petrol,Manual,2,0,Partial,14600
Hyundai,2022,38038.0,1.2,Petrol,Automatic,2,0,Partial,31700
Honda,2013,,1.6,Petrol,Automatic,2,0,None,26200
Honda,2010,202513.0,2.5,Petrol,Automatic,1,0,Full,18700
Toyota,2015,150005.0,1.2,Diesel,Automatic,2,0,Partial,26200
Nissan,2010,258117.0,4.0,Diesel,Manual,3,0,Full,13200
Hyundai,2010,154066.0,,Diesel,Automatic,1,0,Full,25800
Mazda,2017,145866.0,1.2,Hybrid,Manual,1,0,Partial,29800
Toyota,2015,184356.0,3.0,Hybrid,Automatic,1,0,None,33400
Chevrolet,2018,56647.0,1.6,Diesel,Manual,1,0,None,25800
Nissan,2006,300404.0,2.5,Electric,Manual,2,0,Partial,13600
Honda,2012,169895.0,1.6,Petrol,Automatic,2,0,Partial,24300
Honda,2007,284620.0,1.6,Petrol,Automatic,3,0,Full,11400
Honda,2007,172312.0,2.0,Petrol,Manual,2,0,None,10200
Ford,2005,350000.0,2.2,Diesel,Automatic,1,1,Full,4400
Mercedes,2023,500.0,1.0,Hybrid,Automatic,3,0,Partial,31500
BMW,2022,34051.0,1.8,Petrol,Manual,2,0,Partial,27900
Ford,2021,53332.0,1.4,Hybrid,Automatic,2,0,Partial,34800
Hyundai,2017,,,Petrol,Manual,2,0,Full,30400
Toyota,2007,192113.0,1.5,Electric,Automatic,3,1,None,17000
Ford,2005,309857.0,1.6,Petrol,Automatic,2,0,Partial,1500
Ford,2008,246253.0,1.5,Petrol,Manual,1,0,None,11400
BMW,2017,119294.0,1.2,Petrol,Manual,2,0,Full,19600
Nissan,2021,77592.0,1.4,Petrol,Automatic,1,0,Partial,36600
Honda,2015,133105.0,1.0,Petrol,Automatic,1,0,,26100
Mercedes,2006,296854.0,1.6,Petrol,Automatic,1,0,Partial,7900
Hyundai,2020,70462.0,3.5,Hybrid,Automatic,1,1,None,38200
Toyota,2006,213676.0,1.2,Diesel,Automatic,1,0,Full,19000
Hyundai,2023,6597.0,3.0,Petrol,Manual,1,0,Full,44700
Honda,2023,12690.0,2.0,Diesel,Automatic,2,0,Full,41100
Toyota,2020,58912.0,2.0,Diesel,Automatic,3,0,Full,37900
Kia,2023,26268.0,2.0,Petrol,Manual,4,0,None,30600
Chevrolet,2013,144817.0,2.5,Petrol,Manual,1,0,Full,21500
Nissan,2005,225870.0,1.2,Petrol,Manual,2,0,Full,580
Ford,2014,148392.0,1.8,Petrol,Automatic,3,0,Full,18200
Toyota,2023,19693.0,2.0,Diesel,Automatic,1,1,Partial,37300
Hyundai,2005,200097.0,1.8,Petrol,Manual,2,0,Full,14700
BMW,2006,249645.0,2.5,Diesel,Automatic,2,1,Full,10400
Toyota,2020,47905.0,1.2,Diesel,Manual,1,0,Full,35100
Mercedes,2016,128386.0,2.0,Petrol,Automatic,3,0,Full,17300
Toyota,2012,206248.0,1.8,Diesel,Manual,3,1,None,11600
Kia,2022,41512.0,,Petrol,Automatic,1,0,Full,37900
Honda,2006,350000.0,1.5,Electric,Automatic,1,1,Partial,11700
Hyundai,2017,114916.0,,Petrol,Automatic,1,1,None,25300
Ford,2010,305905.0,2.5,Hybrid,Automatic,1,0,Partial,20500
Mercedes,2010,183055.0,1.8,Diesel,Manual,2,0,None,11600
Mercedes,2013,131579.0,2.5,Petrol,Automatic,2,0,None,20800
Honda,2020,64945.0,1.6,Diesel,Manual,1,1,Full,31900
Chevrolet,2015,185909.0,1.2,Electric,Manual,3,1,Partial,15400
Mazda,2011,135934.0,1.2,Diesel,Automatic,1,0,Full,20400
Kia,2014,131745.0,1.2,Hybrid,Manual,1,0,Full,28300
Kia,2014,120311.0,1.6,Hybrid,Manual,1,0,Partial,32700
Hyundai,2022,25016.0,1.5,Petrol,Automatic,2,0,Partial,37200
Kia,2013,164685.0,2.0,Petrol,Automatic,1,0,Partial,25500
Toyota,2019,100823.0,2.0,Diesel,Automatic,1,0,Partial,33500
Honda,2008,239240.0,1.2,Petrol,Manual,1,0,Full,16400
Toyota,2012,246259.0,,Hybrid,Manual,3,0,None,20700
Ford,2013,153558.0,1.5,Hybrid,Automatic,4,1,Full,14800
Ford,2017,134129.0,1.8,Petrol,Manual,1,1,Full,22100
Ford,2013,177024.0,1.4,Petrol,Manual,1,1,None,10000
Nissan,2008,350000.0,1.4,Hybrid,Automatic,2,1,Full,8700
Ford,2021,26297.0,3.0,Petrol,Automatic,2,0,Partial,34300
Ford,2020,54549.0,2.2,Hybrid,Automatic,1,0,Partial,34600
Mercedes,2019,131965.0,1.4,Petrol,Manual,3,0,Full,19400
Honda,2007,210787.0,1.6,Diesel,Manual,2,1,Partial,7200
Nissan,2009,186635.0,1.5,Petrol,Automatic,2,1,,13700
Toyota,2009,177453.0,,Diesel,Manual,2,0,Full,17300
Chevrolet,2019,89160.0,1.8,Petrol,Automatic,4,1,Full,17300
Mazda,2022,21413.0,1.4,Diesel,Automatic,2,0,None,38800
Honda,2019,69598.0,2.0,Petrol,Automatic,1,0,Full,35000
Toyota,2006,254955.0,1.6,Diesel,Manual,1,0,,17800
Nissan,2017,128211.0,1.5,Hybrid,Manual,2,0,Full,24700
Mazda,2008,201166.0,1.6,Petrol,Automatic,1,0,Partial,21700
Mazda,2014,151635.0,1.8,Petrol,Automatic,2,0,None,21500
Mazda,2017,62819.0,1.5,Petrol,Automatic,3,0,,31500
Toyota,2014,243796.0,1.5,Diesel,Manual,2,0,Partial,22000
Ford,2013,147507.0,1.6,Diesel,Manual,4,0,Partial,16800
Toyota,2012,188930.0,1.0,Diesel,Automatic,1,0,Partial,21500
Nissan,2007,893064.0,,Petrol,Automatic,3,0,Partial,1500
Hyundai,2020,54239.0,1.4,Petrol,Automatic,2,0,,28100
Ford,2018,123922.0,1.2,Diesel,Manual,1,0,Partial,30600
Toyota,2013,149979.0,2.0,Petrol,Automatic,2,1,Partial,20700
Ford,2015,146902.0,2.2,Electric,Automatic,1,0,Partial,29900
Ford,2007,212432.0,2.2,Petrol,Automatic,2,0,Full,10000
Mazda,2009,136868.0,1.8,Diesel,Automatic,2,1,None,19500
Hyundai,2014,173649.0,1.4,Petrol,Manual,1,1,Full,16900
Kia,2017,126615.0,2.0,Petrol,Automatic,2,1,Full,19100
BMW,2008,145922.0,2.0,Diesel,Manual,2,0,Full,16100
Toyota,2017,94776.0,1.5,Diesel,Automatic,1,0,,34400
Mazda,2016,152245.0,3.0,Electric,Automatic,1,0,Full,42400
Mazda,2009,268609.0,1.2,Petrol,Automatic,1,0,Full,17400
Mercedes,2014,144363.0,,Petrol,Automatic,2,1,Full,10900
Mazda,2013,127175.0,2.5,Diesel,Manual,3,0,Partial,27300
Mercedes,2011,302922.0,2.0,Diesel,Automatic,3,0,Full,10200
Mercedes,2006,159234.0,3.0,Petrol,Automatic,2,0,Full,11300
BMW,2011,189898.0,2.0,Petrol,Manual,2,0,Full,11300
Toyota,2012,109952.0,1.4,Petrol,Manual,1,0,Full,26100
Toyota,2011,277903.0,1.6,Hybrid,Automatic,2,1,Full,13600
Toyota,2018,81798.0,1.2,Petrol,Manual,1,1,Partial,27000
Hyundai,2023,22390.0,1.6,Petrol,Automatic,1,1,,38300
Ford,2009,350000.0,2.0,Petrol,Automatic,2,0,None,7800
Mercedes,2022,15327.0,1.6,Petrol,Automatic,1,0,None,31500
Kia,2016,176182.0,1.5,Petrol,Manual,2,0,Full,23600
Honda,2021,,1.8,Diesel,Automatic,3,0,Full,37000
BMW,2017,75803.0,2.5,Petrol,Automatic,1,1,Full,25400
Mazda,2006,350000.0,1.2,Hybrid,Manual,1,0,Partial,8400
Honda,2017,83376.0,1.6,Petrol,Automatic,3,1,Full,25300
Toyota,2011,122365.0,1.4,Diesel,Automatic,2,0,Partial,23400
Ford,2014,171897.0,2.0,Hybrid,Automatic,1,0,Full,21200
Honda,2010,218000.0,1.2,Diesel,Manual,1,0,Full,17500
Kia,2007,277058.0,2.0,Diesel,Automatic,2,0,None,12400
Nissan,2007,234451.0,1.5,Petrol,Manual,2,0,Partial,10400
Hyundai,2022,58048.0,1.4,Petrol,Manual,1,0,Partial,37200
Nissan,2015,161963.0,3.0,Diesel,Automatic,1,1,Partial,23400
Nissan,2009,156590.0,1.0,Electric,Automatic,3,1,None,18900
Honda,2023,10572.0,1.6,Diesel,Manual,2,0,Partial,40800
Kia,2023,6062.0,1.0,Diesel,Manual,4,1,None,27600
Mercedes,2019,67289.0,,Diesel,Manual,2,0,Full,26000
Nissan,2020,47961.0,1.8,Petrol,Manual,3,0,Partial,28500
Kia,2013,253185.0,1.5,Petrol,Manual,1,1,Partial,12100
Ford,2008,192234.0,1.4,Diesel,Manual,2,1,Full,11200
Toyota,2019,93881.0,1.6,Electric,Automatic,1,0,None,41000
Honda,2016,97789.0,2.0,Petrol,Automatic,2,0,None,31700
BMW,2007,173220.0,2.2,Diesel,Automatic,2,0,Full,9100
Nissan,2018,81336.0,1.8,Petrol,Automatic,1,0,Full,28100
Nissan,2021,50675.0,1.8,Diesel,Manual,3,0,Full,25900
Toyota,2023,1719.0,1.4,Petrol,Automatic,3,1,None,31800
Mercedes,2010,70275.0,1.5,Petrol,Automatic,1,0,Partial,25000
BMW,2008,150452.0,1.4,Hybrid,Automatic,2,0,Full,17100
Honda,2011,230612.0,1.5,Petrol,Automatic,1,0,Partial,17500
Toyota,2023,8396.0,1.5,Diesel,Automatic,1,0,Full,45100
Ford,2021,,1.8,Hybrid,Automatic,3,0,Partial,36100
Kia,2020,45561.0,1.8,Hybrid,Manual,1,0,Full,34700
Ford,2019,74253.0,3.0,Petrol,Automatic,3,1,,32400
Mercedes,2012,213955.0,,Petrol,Automatic,1,0,Partial,14500
Mazda,2023,14762.0,2.0,Petrol,Automatic,2,0,Full,40400
Ford,2012,247469.0,2.2,Electric,Automatic,2,1,Full,20600
Chevrolet,2022,,1.8,Hybrid,Manual,1,0,Full,38200
Chevrolet,2020,33767.0,1.5,Diesel,Automatic,1,0,Full,32800
Honda,2023,24064.0,1.5,Hybrid,Automatic,3,0,Full,46000
Mercedes,2014,187461.0,1.0,Diesel,Automatic,2,0,None,15200
Ford,2021,530795.0,1.5,Diesel,Automatic,1,0,Partial,36500
Ford,2017,80301.0,2.0,Petrol,Manual,2,0,None,24500
Toyota,2017,83358.0,1.2,Hybrid,Automatic,1,1,None,31000
Hyundai,2011,171609.0,1.4,Petrol,Automatic,1,1,Full,22400
Mercedes,2014,84637.0,2.0,Hybrid,Automatic,2,0,Full,25600
Toyota,2006,187442.0,2.2,Hybrid,Automatic,1,0,Full,23400
Ford,2008,,1.6,Diesel,Automatic,3,0,Partial,15700
Kia,2010,185213.0,,Petrol,Automatic,2,0,Partial,25100
Honda,2022,32036.0,1.6,Petrol,Manual,3,0,Full,39000
Honda,2010,242125.0,1.4,Petrol,Automatic,2,0,Full,19100
BMW,2021,44252.0,1.6,Petrol,Automatic,3,0,Partial,35000
Chevrolet,2018,78062.0,1.8,Petrol,Automatic,2,1,,21700
Honda,2015,124318.0,3.0,Electric,Automatic,2,0,None,38900
Hyundai,2023,500.0,1.2,Diesel,Automatic,4,1,Full,32600
Mazda,2006,326413.0,1.8,Petrol,Manual,2,1,None,1500
Honda,2007,338322.0,1.5,Petrol,Automatic,1,0,Full,11400
Mazda,2015,109462.0,1.8,Petrol,Manual,2,1,Partial,20700
Ford,2010,175884.0,1.0,Diesel,Automatic,3,1,None,15100
Hyundai,2018,128019.0,1.5,Diesel,Manual,2,0,None,26000
Hyundai,2023,4397.0,2.2,Hybrid,Manual,2,0,Full,40400
Mercedes,2020,58447.0,1.8,Petrol,Automatic,2,0,Full,31600
Toyota,2011,190906.0,1.6,Electric,Manual,4,1,Full,19100
Nissan,2012,,1.5,Hybrid,Automatic,1,0,Full,23300
Ford,2023,33399.0,1.5,Petrol,Automatic,2,0,Partial,35300
Honda,2020,73422.0,1.6,Electric,Manual,1,0,None,42400
Toyota,2011,237086.0,2.5,Petrol,Automatic,2,0,Full,18900
Hyundai,2013,130878.0,3.5,Hybrid,Automatic,2,0,Full,32200
Hyundai,2017,109307.0,1.6,Petrol,Automatic,1,1,Full,25900
Toyota,2005,328570.0,1.6,Hybrid,Manual,1,0,None,9800
Mercedes,2012,182037.0,2.5,Hybrid,Manual,2,1,None,14000
Honda,2008,169118.0,1.6,Hybrid,Manual,1,1,Full,22200
Hyundai,2007,350000.0,1.8,Hybrid,Manual,1,0,Full,12200
Honda,2007,314092.0,1.5,Petrol,Manual,3,0,Partial,7800
Mazda,2017,97366.0,2.0,Petrol,Automatic,1,1,Partial,28300
Ford,2012,164390.0,1.8,Petrol,Automatic,2,1,,10400
Kia,2011,216703.0,2.2,Petrol,Automatic,3,0,None,13200
Toyota,2005,324466.0,2.2,Diesel,Automatic,1,0,None,11900
Ford,2020,23767.0,1.4,Petrol,Manual,1,0,Partial,29100
Toyota,2010,305216.0,2.0,Electric,Manual,2,1,Partial,15200
Kia,2011,157660.0,2.2,Diesel,Manual,2,1,Full,15900
Nissan,2016,126259.0,1.5,Hybrid,Manual,3,0,Partial,24100
Honda,2013,562372.0,1.4,Petrol,Automatic,3,1,Full,21500
Hyundai,2015,206350.0,1.0,Hybrid,Automatic,2,0,Full,23800
Nissan,2014,148019.0,1.6,Hybrid,Automatic,1,1,Full,27300
Mercedes,2005,350000.0,1.5,Petrol,Automatic,1,0,Full,1500
Mercedes,2022,27455.0,1.8,Diesel,Automatic,1,0,Full,37900
Honda,2008,171436.0,1.4,Hybrid,Automatic,1,0,Partial,26500
Toyota,2009,229430.0,2.5,Petrol,Manual,2,0,Partial,14800
Kia,2013,170061.0,1.5,Diesel,Automatic,2,0,Partial,27400
Kia,2021,40341.0,1.5,Petrol,Automatic,1,0,Full,35100
Hyundai,2007,279154.0,1.6,Petrol,Manual,3,0,Full,7300
Ford,2020,68511.0,1.8,Petrol,Automatic,1,0,Partial,33200
Ford,2009,239435.0,,Petrol,Automatic,1,0,Full,14500
Mazda,2020,69426.0,1.5,Petrol,Automatic,2,1,None,31600
Kia,2007,201774.0,1.4,Petrol,Automatic,1,0,Full,14100
Kia,2019,104502.0,2.0,Electric,Manual,1,0,Partial,39800
Mazda,2007,,2.2,Diesel,Automatic,1,0,Full,21300
Hyundai,2018,8785.0,1.6,Electric,Automatic,1,0,Partial,44000
Toyota,2020,66557.0,2.0,Petrol,Automatic,2,1,None,31200
Honda,2021,43622.0,2.0,Petrol,Manual,3,1,None,27400
Kia,2022,29486.0,1.4,Diesel,Automatic,1,0,None,40200
Hyundai,2022,48962.0,3.5,Petrol,Automatic,1,1,Full,35300
Toyota,2018,142628.0,2.5,Petrol,Automatic,2,1,Partial,27400
Toyota,2022,31823.0,1.4,Diesel,Automatic,3,1,Full,33500
Hyundai,2019,55233.0,1.4,Petrol,Automatic,1,0,Partial,30600
Toyota,2019,90735.0,1.4,Diesel,Automatic,1,0,,32900
Honda,2010,200518.0,1.4,Diesel,Automatic,2,0,None,20700
Mercedes,2019,73031.0,2.0,Petrol,Manual,2,0,None,23200
Mazda,2022,17992.0,1.6,Petrol,Automatic,1,0,Full,38100
Hyundai,2008,256262.0,2.2,Hybrid,Manual,2,0,Full,13800
Honda,2012,132575.0,2.0,Petrol,Automatic,1,0,Full,24600
Mazda,2019,84257.0,1.8,Petrol,Manual,2,0,Partial,34100
Honda,2007,223626.0,2.0,Electric,Manual,2,0,Full,18800
Ford,2019,70391.0,1.0,Petrol,Manual,3,0,None,28000
Mazda,2017,66367.0,1.5,Diesel,Manual,2,1,Partial,26000
Hyundai,2013,205443.0,2.0,Electric,Automatic,1,1,Partial,24800
Nissan,2006,202553.0,1.0,Petrol,Automatic,1,0,Partial,14900
Hyundai,2012,189438.0,1.0,Petrol,Automatic,3,0,Full,16800
Mercedes,2021,48498.0,2.5,Petrol,Manual,1,0,None,29600
Toyota,2017,102151.0,2.0,Petrol,Manual,1,0,Partial,31100
Ford,2005,198876.0,1.5,Petrol,Manual,1,1,None,7100
Honda,2006,307897.0,2.0,Diesel,Manual,2,0,Partial,9100
Honda,2019,59307.0,2.2,Petrol,Automatic,2,0,Partial,36900
Chevrolet,2016,108272.0,1.5,Diesel,Manual,1,1,Full,17900
BMW,2018,91248.0,1.0,Electric,Automatic,1,0,Partial,31100
Kia,2006,350000.0,3.0,Hybrid,Manual,3,0,Partial,6400
Hyundai,2022,33078.0,,Diesel,Manual,2,0,Partial,32800
Nissan,2011,193958.0,1.2,Petrol,Automatic,2,0,Partial,17200
Mercedes,2010,253414.0,1.8,Diesel,Automatic,3,0,Full,10000
Mercedes,2018,85013.0,,Diesel,Manual,3,0,None,18200
Mercedes,2012,207415.0,1.5,Petrol,Manual,1,0,None,11200
Honda,2006,350000.0,1.5,Petrol,Automatic,4,1,Full,1500
Mazda,2021,34928.0,1.5,Hybrid,Manual,1,0,None,38900
Ford,2009,,4.0,Petrol,Manual,1,1,Full,20900
Toyota,2018,66720.0,1.4,Petrol,Automatic,3,0,Partial,29900
Hyundai,2007,328873.0,1.8,Petrol,Automatic,1,0,Full,7700
Honda,2009,226342.0,,Petrol,Automatic,1,0,None,19800
Kia,2020,54865.0,1.4,Hybrid,Automatic,1,0,Full,34200
Kia,2022,46622.0,3.5,Diesel,Automatic,2,0,Full,39200
Kia,2021,50268.0,3.0,Hybrid,Automatic,1,0,Full,40600
Ford,2015,66874.0,2.5,Petrol,Automatic,2,1,Full,23600
Toyota,2021,19590.0,1.4,Petrol,Automatic,3,0,Partial,36400
Kia,2020,71826.0,2.0,Petrol,Manual,2,0,Full,30700
BMW,2006,270506.0,2.2,Petrol,Automatic,1,1,Partial,6600
Chevrolet,2008,324929.0,4.0,Petrol,Automatic,3,0,None,7200
Chevrolet,2011,154321.0,1.4,Hybrid,Automatic,1,0,Partial,24400
Nissan,2006,236067.0,2.2,Petrol,Automatic,1,0,None,17100
Ford,2010,165824.0,1.5,Diesel,Automatic,1,0,Full,20500
Ford,2021,44073.0,1.4,Petrol,Manual,2,0,Full,29800
Nissan,2011,108063.0,1.6,Petrol,Automatic,1,0,Partial,25300
Ford,2009,200028.0,2.2,Petrol,Manual,1,0,,15700
Honda,2009,225499.0,1.6,Electric,Manual,1,0,None,26700
Mercedes,2020,65720.0,1.8,Hybrid,Manual,1,0,Full,33100
Kia,2023,17567.0,4.0,Electric,Automatic,2,1,None,48300
Mazda,2013,238425.0,1.6,Petrol,Manual,3,1,Full,11200
Mercedes,2009,174162.0,2.0,Petrol,Automatic,2,0,Partial,13800
Toyota,2012,79096.0,1.6,Diesel,Automatic,1,0,Full,31400
Hyundai,2013,153670.0,1.6,Petrol,Manual,1,1,Full,15600
Chevrolet,2009,242151.0,2.0,Hybrid,Automatic,4,0,Partial,14800
Honda,2014,122627.0,3.0,Petrol,Automatic,1,0,Full,26200
Mercedes,2006,210838.0,1.8,Petrol,Manual,3,0,Partial,6100
Nissan,2013,237086.0,2.2,Petrol,Automatic,1,1,Partial,17000
Mazda,2015,121322.0,1.2,Petrol,Manual,3,0,Full,21200
Mazda,2008,277453.0,1.4,Diesel,Automatic,1,1,,12600
Mazda,2006,205302.0,1.8,Petrol,Automatic,1,0,Full,17800
Ford,2010,207819.0,1.0,Petrol,Automatic,2,0,Partial,10100
Ford,2018,88151.0,1.5,Petrol,Automatic,2,0,Partial,30700
Nissan,2005,,,Petrol,Manual,1,0,Partial,10500
Nissan,2022,33711.0,1.0,Hybrid,Manual,2,1,Full,38500
Nissan,2011,129667.0,1.5,Hybrid,Automatic,2,1,Full,23500
Kia,2005,299165.0,1.8,Electric,Automatic,1,0,Partial,17900
Mercedes,2005,,1.8,Hybrid,Automatic,1,1,Full,4400
Mercedes,2005,310236.0,3.0,Petrol,Automatic,2,1,Full,1500
Nissan,2008,223664.0,2.0,Diesel,Automatic,1,0,Partial,18100
Hyundai,2008,286802.0,1.6,Petrol,Automatic,2,0,Partial,14600
Mazda,2022,21265.0,3.0,Petrol,Manual,1,0,Full,42900
Nissan,2015,189037.0,2.2,Hybrid,Automatic,1,0,Full,29200
Kia,2005,276269.0,1.4,Petrol,Automatic,1,0,Full,14700
Ford,2014,114493.0,1.4,Hybrid,Manual,2,0,Full,19300
Ford,2013,194887.0,2.0,Petrol,Automatic,1,0,Full,21200
Toyota,2008,235079.0,1.8,Diesel,Automatic,1,1,Full,18800
Mercedes,2010,117584.0,2.2,Diesel,Automatic,1,1,None,18400
Toyota,2020,68975.0,2.0,Hybrid,Manual,4,0,Partial,30100
BMW,2006,331065.0,,Diesel,Automatic,1,0,Full,9400
Mercedes,2022,36474.0,4.0,Diesel,Automatic,2,0,Full,37900
Ford,2014,144433.0,1.8,Petrol,Automatic,1,0,Partial,24100
Hyundai,2021,43989.0,1.2,Diesel,Manual,1,0,Full,35500
Toyota,2017,107525.0,2.5,Petrol,Manual,2,0,Partial,34400
Toyota,2022,29539.0,1.5,Diesel,Automatic,2,0,None,40500
Nissan,2017,78005.0,2.2,Diesel,Automatic,4,0,Partial,27300
Ford,2021,48408.0,3.5,Diesel,Automatic,3,0,Full,33100
Toyota,2009,164655.0,2.0,Petrol,Automatic,2,0,Partial,22800
Mercedes,2015,,,Petrol,Manual,2,1,None,19000
Mazda,2011,209307.0,1.6,Diesel,Automatic,2,1,Partial,16500
Honda,2014,212164.0,1.6,Petrol,Manual,1,0,Partial,19500
Hyundai,2021,40378.0,1.5,Petrol,Automatic,3,0,Full,36300
Toyota,2019,53433.0,2.0,Petrol,Automatic,2,0,Full,32800
Toyota,2022,28279.0,2.2,Electric,Automatic,2,0,Partial,52100
Mercedes,2023,24794.0,,Diesel,Automatic,1,0,None,33800
Mercedes,2006,255285.0,1.4,Petrol,Automatic,1,0,Partial,3600
Hyundai,2008,344286.0,1.8,Petrol,Manual,3,1,Partial,1500
Mazda,2007,202155.0,2.2,Petrol,Manual,1,0,Full,13700
Chevrolet,2011,175467.0,1.6,Hybrid,Automatic,1,1,Full,17900
Mercedes,2022,,1.8,Diesel,Automatic,1,0,Partial,32500
Ford,2014,170709.0,,Petrol,Manual,3,0,Full,19500
Nissan,2011,184222.0,2.0,Petrol,Automatic,1,0,Partial,23000
Ford,2012,110360.0,1.6,Petrol,Automatic,3,0,Full,19000
BMW,2010,340005.0,2.5,Diesel,Automatic,1,0,Partial,17300
Toyota,2005,254397.0,1.4,Hybrid,Automatic,3,0,Partial,13300
Toyota,2008,,4.0,Petrol,Automatic,2,0,Full,18000
Chevrolet,2018,111380.0,1.2,Petrol,Manual,1,0,Full,21200
Nissan,2021,37255.0,1.0,Petrol,Manual,2,0,Partial,502
Mazda,2022,27713.0,2.5,Electric,Automatic,1,1,None,45800
BMW,2015,105823.0,1.5,Petrol,Automatic,1,0,Partial,20200
Honda,2018,84260.0,2.0,Hybrid,Manual,3,0,Full,31000
Honda,2013,138992.0,2.2,Diesel,Automatic,1,0,Full,29500
Honda,2019,95583.0,2.5,Petrol,Automatic,1,1,Full,30100
Mercedes,2016,99099.0,4.0,Petrol,Automatic,1,0,Full,26200
Mazda,2014,112237.0,1.5,Petrol,Manual,1,0,Partial,27700
Hyundai,2023,16803.0,2.0,Diesel,Automatic,3,0,Partial,35000
Ford,2023,16209.0,1.2,Hybrid,Automatic,1,0,Full,37700
Kia,2010,,1.6,Diesel,Automatic,4,0,Full,22500
Mazda,2010,181400.0,2.5,Diesel,Automatic,3,1,Full,19000
Mercedes,2012,139891.0,1.6,Petrol,Automatic,1,1,None,15500
Hyundai,2005,305929.0,1.8,Electric,Automatic,1,0,Partial,17100
BMW,2021,29700.0,1.8,Hybrid,Manual,3,0,Partial,30300
Honda,2021,58899.0,2.0,Petrol,Automatic,1,0,Full,40200
Ford,2019,123944.0,3.5,Electric,Automatic,1,0,Partial,41600
Mazda,2011,250470.0,1.2,Diesel,Automatic,1,1,,15300
Toyota,2023,15703.0,1.8,Diesel,Manual,2,0,Full,38800
Toyota,2007,216028.0,2.5,Diesel,Manual,2,0,Partial,17000
Toyota,2015,169437.0,1.6,Hybrid,Automatic,1,0,Partial,28700
Toyota,2023,9395.0,1.2,Diesel,Automatic,1,1,Full,38700
Nissan,2013,167920.0,1.8,Petrol,Automatic,3,0,Full,18100
Mazda,2014,129390.0,1.5,Petrol,Automatic,2,0,Full,24700
BMW,2006,312291.0,1.4,Hybrid,Automatic,2,0,Full,5500
Toyota,2005,335104.0,2.5,Petrol,Automatic,2,0,Partial,10600
Mercedes,2020,46035.0,1.8,Petrol,Automatic,1,1,None,28800
BMW,2022,15988.0,3.0,Petrol,Automatic,2,0,,33600
Honda,2021,60398.0,2.2,Petrol,Automatic,1,0,Full,35900
BMW,2010,167955.0,2.0,Diesel,Manual,1,0,Full,17900
BMW,2018,108811.0,1.0,Electric,Automatic,2,1,Partial,27600
Hyundai,2019,90692.0,,Petrol,Automatic,1,0,Full,31400
Hyundai,2018,107728.0,1.4,Petrol,Manual,4,0,Partial,26300
Toyota,2007,281293.0,3.0,Petrol,Manual,1,0,Full,13100
Ford,2023,13114.0,1.4,Hybrid,Manual,3,0,Partial,30400
Hyundai,2016,112502.0,1.5,Diesel,Manual,3,0,None,22700
Mercedes,2006,231656.0,1.8,Petrol,Manual,1,1,None,7300
Nissan,2007,302818.0,1.5,Hybrid,Automatic,2,0,None,11600
Hyundai,2022,39391.0,,Hybrid,Automatic,1,0,Partial,39900
Honda,2005,245479.0,1.8,Hybrid,Automatic,3,1,None,11200
Toyota,2010,246630.0,1.2,Hybrid,Manual,2,0,Full,20300
Hyundai,2009,210364.0,,Petrol,Manual,2,0,Full,13000
Toyota,2005,217639.0,1.6,Hybrid,Automatic,2,0,Full,19600
Hyundai,2023,18101.0,2.0,Petrol,Automatic,1,0,Partial,39800
Kia,2005,200978.0,1.8,Hybrid,Automatic,1,0,None,20700
Mercedes,2020,35376.0,1.6,Diesel,Automatic,1,1,Full,28900
Ford,2016,109509.0,1.8,Hybrid,Automatic,2,1,Partial,24500
Hyundai,2012,,1.6,Diesel,Manual,2,0,Partial,21500
BMW,2020,61834.0,3.0,Petrol,Automatic,2,0,None,29100
Mercedes,2005,205881.0,1.2,Diesel,Manual,1,0,Partial,4400
Kia,2008,320248.0,2.0,Electric,Automatic,2,0,None,17500
Ford,2014,124203.0,2.5,Electric,Automatic,1,0,Full,30400
Chevrolet,2015,131306.0,2.2,Petrol,Manual,3,0,Full,20600
Kia,2021,41274.0,1.4,Petrol,Manual,4,1,Partial,25100
Honda,2011,122197.0,1.5,Petrol,Manual,1,1,Full,23300
Toyota,2016,68456.0,2.0,Diesel,Automatic,1,0,,34300
Toyota,2011,,1.2,Hybrid,Manual,1,0,Partial,22100
Toyota,2016,110027.0,2.2,Petrol,Automatic,2,0,Partial,26200
Toyota,2019,51755.0,2.0,Diesel,Manual,2,1,Partial,28400
Hyundai,2006,310530.0,2.0,Hybrid,Automatic,2,0,Full,8600
Toyota,2018,78242.0,1.2,Diesel,Automatic,1,0,Partial,37500
Ford,2017,108172.0,2.0,Diesel,Automatic,2,0,Full,26600
Nissan,2008,186595.0,2.0,Diesel,Automatic,2,1,Full,17800
Toyota,2018,96178.0,2.5,Diesel,Manual,1,1,Partial,23900
Nissan,2018,120105.0,1.2,Petrol,Manual,2,0,Full,28500
Ford,2020,34608.0,,Diesel,Automatic,1,1,Full,30500
Toyota,2011,202680.0,1.6,Diesel,Automatic,2,0,Partial,22100
Mazda,2023,5234.0,1.4,Hybrid,Automatic,3,0,,38400
Hyundai,2006,244232.0,1.8,Diesel,Manual,1,1,None,11200
Nissan,2014,97873.0,3.0,Hybrid,Manual,3,1,Partial,23700
Mazda,2022,22032.0,1.6,Petrol,Manual,2,0,None,32500
Nissan,2021,43673.0,2.5,Petrol,Automatic,1,0,Full,34400
Ford,2009,276702.0,1.0,Petrol,Manual,2,1,Partial,1500
Honda,2016,123576.0,1.4,Petrol,Automatic,2,1,Full,24700
Mazda,2010,196872.0,1.0,Diesel,Manual,1,1,Partial,13400
Nissan,2013,122575.0,1.5,Electric,Automatic,1,0,Full,28800
Chevrolet,2005,346834.0,3.0,Petrol,Manual,1,1,Full,1700
BMW,2019,89999.0,1.2,Petrol,Automatic,1,1,None,17700
Ford,2010,141237.0,1.8,Hybrid,Automatic,1,0,Full,27500
Mazda,2023,31092.0,1.6,Petrol,Manual,1,1,Full,39000
Ford,2022,39361.0,3.0,Diesel,Automatic,1,0,Full,35800
Kia,2010,255401.0,1.4,Diesel,Automatic,3,0,Partial,16000
Nissan,2017,102391.0,1.4,Diesel,Automatic,1,0,Full,31400
BMW,2005,231142.0,1.0,Petrol,Automatic,2,0,Full,4300
Mazda,2017,98593.0,1.6,Petrol,Manual,2,0,Full,26100
Mazda,2011,,,Hybrid,Automatic,2,1,Partial,24600
Toyota,2019,66184.0,2.5,Diesel,Manual,1,0,Partial,36500
Kia,2016,105844.0,1.8,Petrol,Manual,3,0,Full,17100
Mercedes,2005,350000.0,2.0,Hybrid,Automatic,2,1,Full,5700
Nissan,2019,88130.0,1.8,Petrol,Manual,3,0,,27600
Ford,2008,302323.0,1.2,Diesel,Automatic,1,0,Full,10100
Kia,2017,124083.0,1.6,Petrol,Automatic,1,0,Full,26900
Ford,2009,210182.0,4.0,Electric,Automatic,2,0,Full,25300
Toyota,2006,247557.0,2.5,Petrol,Automatic,1,0,Partial,19900
Kia,2005,257948.0,2.5,Petrol,Manual,2,1,None,6700
Toyota,2020,54688.0,2.5,Petrol,Manual,1,0,Full,37400
Ford,2010,227635.0,,Petrol,Automatic,2,1,Partial,6000
Kia,2020,50051.0,1.5,Hybrid,Manual,4,0,Partial,30700
Kia,2018,92152.0,1.0,Electric,Manual,2,0,Partial,34500
Mercedes,2007,205163.0,1.5,Petrol,Automatic,3,0,None,8700
Hyundai,2019,52083.0,1.2,Petrol,Automatic,2,0,,30900
BMW,2007,328814.0,1.6,Diesel,Automatic,2,0,Full,6700
Ford,2006,807365.0,2.0,Hybrid,Manual,3,0,Partial,1500
Ford,2005,350000.0,2.5,Diesel,Automatic,3,0,Full,4100
Hyundai,2013,121701.0,2.0,Petrol,Manual,2,0,Full,22500
Mazda,2013,190576.0,3.0,Petrol,Manual,1,0,Full,19500
Nissan,2011,243723.0,1.2,Diesel,Automatic,2,0,Full,15600
Nissan,2007,224602.0,1.0,Petrol,Automatic,1,0,Partial,12100
Toyota,2022,32691.0,2.0,Diesel,Automatic,1,1,Full,41900
Mercedes,2015,115805.0,1.5,Petrol,Manual,2,0,Full,17000
Toyota,2011,271890.0,1.5,Hybrid,Automatic,3,0,Full,18800
Mercedes,2013,178331.0,1.5,Petrol,Automatic,3,0,Full,10100
BMW,2005,198726.0,1.5,Diesel,Automatic,1,0,None,445
Kia,2018,114022.0,1.8,Petrol,Automatic,1,1,Full,25800
Ford,2010,292180.0,1.6,Diesel,Automatic,3,0,None,7500
Toyota,2011,207689.0,1.8,Petrol,Automatic,1,0,Partial,28700
Honda,2014,160091.0,2.0,Diesel,Automatic,2,1,Partial,21800
Mazda,2011,183096.0,1.6,Diesel,Automatic,1,0,Full,22600
Hyundai,2006,,1.5,Diesel,Automatic,1,0,Full,19900
Toyota,2008,233372.0,1.4,Diesel,Automatic,4,0,None,11300
Toyota,2021,49002.0,1.5,Diesel,Automatic,1,0,None,40300
Mazda,2005,281297.0,2.0,Hybrid,Automatic,1,1,Full,13900
Toyota,2014,165519.0,2.2,Petrol,Manual,1,1,Full,22200
Nissan,2023,19463.0,2.0,Hybrid,Automatic,3,0,Full,45600
Mazda,2019,70370.0,1.5,Petrol,Automatic,3,1,None,24900
Toyota,2014,175277.0,1.8,Petrol,Automatic,1,0,Full,29600
Toyota,2023,,1.8,Petrol,Manual,1,0,Partial,41600
Chevrolet,2016,107795.0,1.6,Petrol,Automatic,2,1,Partial,22700
Ford,2020,87798.0,1.8,Hybrid,Manual,1,0,,34000
Ford,2013,132870.0,1.8,Diesel,Automatic,2,0,Partial,27500
Nissan,2019,53639.0,1.8,Hybrid,Automatic,1,0,Full,37200
Kia,2021,12576.0,2.0,Diesel,Automatic,1,0,None,41500
Chevrolet,2018,91271.0,1.2,Petrol,Automatic,2,1,Partial,25500
Mazda,2022,43920.0,2.0,Petrol,Automatic,1,0,Partial,37400
Ford,2006,125110.0,1.4,Petrol,Automatic,3,0,Full,16100
Toyota,2008,188859.0,1.2,Petrol,Manual,1,0,Partial,17100
Mazda,2022,37293.0,3.5,Petrol,Automatic,1,1,Full,35300
Mercedes,2011,72019.0,3.5,Petrol,Automatic,4,1,Full,12100
BMW,2017,76743.0,1.2,Diesel,Automatic,1,0,Partial,27100
Kia,2019,90444.0,1.6,Diesel,Automatic,2,1,Partial,30800
Toyota,2005,350000.0,1.4,Electric,Automatic,1,0,Partial,11100
Mercedes,2015,150723.0,,Electric,Manual,2,0,Full,24800
Toyota,2014,,2.5,Diesel,Automatic,2,0,,32100
BMW,2009,168796.0,3.5,Petrol,Automatic,1,0,,15300
Toyota,2020,52168.0,2.0,Diesel,Automatic,3,1,Partial,30500
Toyota,2015,159407.0,1.5,Hybrid,Automatic,2,0,Full,30600
Toyota,2010,310714.0,1.8,Petrol,Manual,1,0,Partial,15300
Hyundai,2013,212543.0,1.5,Petrol,Manual,2,0,Partial,20900
Mazda,2017,107749.0,3.0,Hybrid,Automatic,2,1,Full,30300
Hyundai,2012,165579.0,2.5,Petrol,Automatic,1,0,,22200
Chevrolet,2018,166898.0,1.8,Diesel,Manual,1,1,Partial,24600
Ford,2005,327053.0,1.5,Diesel,Automatic,1,1,Partial,1600
Ford,2021,47418.0,,Petrol,Automatic,1,0,Partial,34900
Nissan,2009,198886.0,1.0,Petrol,Automatic,2,0,Partial,20200
Honda,2006,198514.0,2.2,Petrol,Automatic,2,0,Full,18400
Chevrolet,2013,69539.0,1.6,Petrol,Manual,3,1,Full,18300
Toyota,2008,264729.0,1.5,Petrol,Manual,1,0,Full,16700
Chevrolet,2021,86712.0,1.6,Hybrid,Automatic,1,0,Full,36200
Toyota,2021,25980.0,2.2,Petrol,Automatic,2,0,Partial,40500
Kia,2022,44045.0,1.4,Diesel,Automatic,2,0,Full,35500
Mercedes,2020,33829.0,2.5,Petrol,Automatic,2,1,None,29700
Chevrolet,2012,193724.0,2.5,Electric,Automatic,1,0,Partial,28500
Toyota,2015,135960.0,3.0,Petrol,Automatic,1,1,None,23700
Mercedes,2022,5196.0,1.6,Petrol,Automatic,1,0,None,34300
Chevrolet,2014,109176.0,1.4,Hybrid,Automatic,4,0,Full,16900
Mercedes,2017,91089.0,1.6,Hybrid,Automatic,1,1,Partial,27300
Hyundai,2021,65141.0,1.5,Petrol,Manual,3,0,Full,29000
Mazda,2022,40434.0,1.4,Hybrid,Automatic,2,1,Full,41400
BMW,2014,133953.0,1.8,Petrol,Manual,1,0,Partial,20500
Hyundai,2020,81262.0,1.6,Petrol,Automatic,2,0,Full,34200
Hyundai,2009,219226.0,2.5,Petrol,Automatic,3,0,None,12700
Kia,2017,90566.0,1.0,Petrol,Automatic,3,1,Partial,24000
Toyota,2022,33430.0,,Diesel,Automatic,1,1,Partial,36800
Ford,2021,57045.0,2.2,Petrol,Manual,1,0,Full,35100
Kia,2013,138780.0,2.2,Petrol,Manual,1,0,Partial,20900
Kia,2018,91069.0,2.5,Diesel,Automatic,1,0,Full,34700
BMW,2021,,2.0,Hybrid,Manual,2,0,Partial,28700
Hyundai,2008,252701.0,3.0,Petrol,Automatic,3,1,Full,10400
Ford,2022,37369.0,1.5,Diesel,Automatic,1,0,Partial,41600
Honda,2019,76768.0,1.8,Petrol,Automatic,2,1,Full,31200
BMW,2015,154770.0,1.0,Hybrid,Automatic,2,0,Full,21700
Ford,2016,114061.0,1.0,Diesel,Manual,1,1,Full,14900
Hyundai,2013,136904.0,1.5,Electric,Automatic,1,0,Full,31500
Toyota,2017,95910.0,1.2,Petrol,Automatic,2,0,Partial,30900
Chevrolet,2019,17084.0,1.5,Petrol,Manual,3,1,Full,22600
Chevrolet,2019,,1.4,Petrol,Automatic,2,0,Full,31100
Mazda,2009,64275.0,1.0,Petrol,Manual,1,1,Partial,20100
Mercedes,2023,20828.0,3.0,Petrol,Automatic,1,1,Full,35400
Ford,2018,52086.0,1.0,Hybrid,Automatic,1,0,Full,34600
Nissan,2021,54322.0,2.0,Petrol,Manual,2,0,Partial,31400
Hyundai,2022,35043.0,1.4,Petrol,Automatic,2,0,Full,34500
Honda,2007,172581.0,3.0,Hybrid,Automatic,1,0,Full,23500
Kia,2006,296542.0,,Petrol,Automatic,3,0,Full,11100
Nissan,2005,350000.0,2.0,Hybrid,Automatic,2,0,Full,8000
Kia,2014,162500.0,2.0,Petrol,Automatic,2,0,Partial,24400
Mazda,2023,19478.0,1.0,Petrol,Manual,4,0,Full,30400
Hyundai,2021,42068.0,4.0,Petrol,Manual,1,0,Partial,36200
BMW,2016,148074.0,2.5,Petrol,Manual,3,0,Full,19200
Kia,2005,248218.0,2.5,Hybrid,Automatic,1,0,Full,16000
Nissan,2016,121928.0,2.0,Petrol,Automatic,1,0,Full,27200
Toyota,2021,55214.0,1.5,Diesel,Automatic,3,0,Partial,32200
Toyota,2007,143360.0,2.5,Petrol,Automatic,3,0,None,18400
Ford,2015,177739.0,1.5,Petrol,Manual,2,0,Partial,17900
Nissan,2021,73527.0,1.8,Hybrid,Automatic,2,0,None,36000
Chevrolet,2007,,1.2,Petrol,Manual,2,1,Full,7100
Honda,2012,223501.0,3.0,Diesel,Manual,3,0,Full,19500
Hyundai,2008,191681.0,1.4,Electric,Manual,1,0,,31300
Ford,2011,,1.5,Diesel,Automatic,3,1,Full,12600
Chevrolet,2018,102277.0,1.8,Electric,Manual,2,1,,24400
Nissan,2018,68790.0,2.2,Petrol,Manual,2,0,Full,28700
Nissan,2008,243719.0,2.0,Petrol,Manual,1,0,Full,12800
BMW,2020,35306.0,1.5,Petrol,Manual,2,0,Full,25700
BMW,2005,224160.0,1.0,Diesel,Automatic,3,0,Full,5800
Ford,2021,23887.0,2.2,Electric,Automatic,2,1,Full,37300
Toyota,2014,171193.0,4.0,Petrol,Automatic,4,0,None,25400
Nissan,2020,73028.0,2.2,Diesel,Automatic,1,1,Full,27700
Nissan,2020,62284.0,1.6,Petrol,Manual,2,0,Partial,33000
Chevrolet,2012,198463.0,3.0,Diesel,Automatic,3,1,Partial,10500
Chevrolet,2011,177780.0,1.6,Petrol,Manual,2,0,Full,13400
Mercedes,2010,247383.0,1.8,Electric,Manual,2,0,Full,13500
Mazda,2020,70411.0,,Diesel,Manual,2,0,Full,33500
Kia,2020,31934.0,1.6,Petrol,Manual,3,0,Partial,30100
Nissan,2011,232827.0,2.2,Petrol,Manual,3,0,Full,13500
Honda,2013,149627.0,1.8,Petrol,Automatic,1,1,,25200
BMW,2018,50302.0,1.5,Petrol,Automatic,3,0,Full,26900
Toyota,2015,111481.0,1.5,Petrol,Manual,1,1,None,24200
Kia,2018,39135.0,1.0,Hybrid,Manual,1,0,Full,36200
Hyundai,2011,130364.0,1.8,Diesel,Automatic,3,0,Partial,26900
Honda,2005,298860.0,1.5,Diesel,Manual,1,1,Full,8800
Hyundai,2017,108076.0,1.4,Petrol,Manual,3,0,None,23100
Hyundai,2007,272916.0,2.0,Hybrid,Automatic,1,0,Partial,20600
Ford,2008,236179.0,2.0,Diesel,Manual,1,0,Full,14200
Toyota,2015,118436.0,,Petrol,Manual,2,0,None,24200
Hyundai,2006,243255.0,1.8,Diesel,Automatic,1,1,Partial,11500
Mercedes,2018,77037.0,2.5,Diesel,Manual,2,0,Full,22200
Mazda,2016,80334.0,3.0,Petrol,Automatic,1,0,Full,28100
Mercedes,2021,39868.0,2.2,Petrol,Automatic,1,1,Partial,26200
Nissan,2016,158600.0,2.0,Petrol,Manual,1,0,Partial,24500
Mercedes,2016,154551.0,1.5,Petrol,Automatic,1,0,Partial,20800
Mercedes,2005,324558.0,4.0,Electric,Automatic,2,1,Partial,6000
Nissan,2017,152335.0,1.5,Hybrid,Manual,1,0,Partial,22500
BMW,2018,104454.0,1.4,Diesel,Automatic,2,1,Full,25300
Toyota,2006,350000.0,1.6,Petrol,Manual,3,0,Partial,4100
Toyota,2016,182641.0,1.2,Petrol,Automatic,2,1,Full,24500
Mazda,2020,35476.0,3.5,Diesel,Manual,3,1,None,36500
Hyundai,2008,242555.0,1.8,Diesel,Automatic,1,0,Partial,18900
Mazda,2012,188322.0,1.8,Petrol,Manual,1,0,Partial,20600
Honda,2006,218059.0,2.0,Diesel,Automatic,3,0,Full,13800
Toyota,2014,173614.0,1.8,Hybrid,Manual,2,0,,27900
Toyota,2013,158848.0,1.0,Petrol,Automatic,2,0,Full,22300
Ford,2019,56710.0,2.0,Petrol,Automatic,2,0,Partial,29200
Hyundai,2017,109470.0,2.0,Hybrid,Automatic,1,0,Partial,29200
BMW,2021,63033.0,1.6,Petrol,Automatic,1,1,Full,26800
BMW,2020,62856.0,2.2,Petrol,Automatic,2,0,Partial,31700
Kia,2006,322893.0,1.5,Petrol,Automatic,2,0,Partial,10100
Ford,2018,69749.0,1.5,Petrol,Automatic,2,0,Full,28300
Mercedes,2007,287375.0,1.4,Hybrid,Manual,3,0,Full,2000
Nissan,2016,74983.0,1.6,Diesel,Automatic,1,0,Partial,33800
BMW,2012,163357.0,2.5,Petrol,Automatic,1,0,Partial,19300
Hyundai,2006,268104.0,2.5,Hybrid,Automatic,3,1,Partial,9800
Nissan,2008,164101.0,1.6,Hybrid,Automatic,2,1,Partial,13800
Kia,2018,83237.0,1.8,Hybrid,Automatic,2,0,None,39500
Honda,2020,74020.0,2.0,Petrol,Manual,1,0,Full,35900
Kia,2023,,1.5,Petrol,Automatic,1,0,Full,41400
Mercedes,2006,328048.0,1.4,Electric,Automatic,2,0,,6800
Honda,2016,105591.0,3.5,Hybrid,Automatic,1,0,Full,38000
BMW,2018,92471.0,,Petrol,Automatic,3,0,Full,23400
Chevrolet,2010,178016.0,4.0,Petrol,Automatic,3,0,Full,19800
Mercedes,2017,106929.0,1.5,Petrol,Automatic,3,1,None,20200
Ford,2008,331254.0,2.0,Hybrid,Automatic,1,0,None,8900
Hyundai,2022,34354.0,1.5,Diesel,Automatic,2,0,Full,34700
Honda,2016,140978.0,1.5,Petrol,Manual,1,0,Partial,27900
Toyota,2023,7819.0,1.8,Petrol,Automatic,1,1,Partial,37400
Toyota,2012,201633.0,1.5,Diesel,Automatic,1,1,Partial,22200
Toyota,2011,190199.0,1.4,Hybrid,Manual,1,0,Partial,22900
Honda,2020,42463.0,1.5,Petrol,Manual,3,0,Full,28100
Toyota,2023,28104.0,1.0,Hybrid,Automatic,1,0,Partial,39300
Hyundai,2010,157548.0,2.0,Electric,Manual,1,0,Partial,29400
Honda,2015,221071.0,1.8,Petrol,Automatic,4,0,Partial,19500
Ford,2009,195873.0,1.2,Diesel,Automatic,1,0,None,19300
Kia,2020,63724.0,1.4,Petrol,Automatic,2,0,None,33000
BMW,2011,188379.0,1.2,Hybrid,Automatic,1,0,Partial,9500
Hyundai,2009,145334.0,2.0,Diesel,Manual,1,0,Partial,22800
Honda,2015,63840.0,1.2,Diesel,Automatic,3,1,None,21900
Honda,2019,87772.0,2.2,Hybrid,Automatic,1,0,Full,34200
Toyota,2007,350000.0,1.0,Petrol,Automatic,2,0,Full,2400
Honda,2009,175541.0,1.5,Hybrid,Manual,1,0,Full,17500
Ford,2009,126678.0,2.5,Diesel,Automatic,1,0,,23700
Honda,2013,148177.0,2.0,Petrol,Manual,1,0,Partial,22500
Toyota,2019,43493.0,1.2,Diesel,Manual,1,0,Full,31700
Toyota,2007,211053.0,2.5,Hybrid,Manual,1,0,,21500
BMW,2010,243246.0,1.8,Petrol,Manual,2,0,Partial,5500
Honda,2021,31757.0,2.5,Hybrid,Automatic,2,0,None,44700
Ford,2012,135453.0,1.8,Hybrid,Manual,1,0,Full,27800
Mercedes,2015,160962.0,2.0,Petrol,Automatic,1,0,Partial,19700
Mazda,2010,238253.0,4.0,Electric,Automatic,3,0,Partial,29900
Toyota,2012,153883.0,1.5,Petrol,Automatic,3,0,Partial,24700
Nissan,2014,152917.0,2.0,Petrol,Manual,2,0,Partial,21300
Hyundai,2007,295377.0,1.6,Petrol,Automatic,3,0,Partial,12200
Toyota,2018,114709.0,1.0,Hybrid,Automatic,1,0,Full,33300
Nissan,2018,96246.0,1.0,Diesel,Automatic,1,1,Partial,22500
Kia,2014,215982.0,1.2,Petrol,Manual,2,1,Full,9300
Toyota,2016,141419.0,2.0,Petrol,Automatic,2,0,Full,26200
Ford,2010,179281.0,1.8,Diesel,Automatic,2,1,Full,15700
Nissan,2016,110984.0,1.8,Petrol,Automatic,1,0,Full,25500
Mazda,2018,75921.0,1.0,Hybrid,Manual,4,1,Full,23400
Honda,2006,318528.0,1.6,Hybrid,Automatic,3,0,Partial,7900
Honda,2013,130030.0,3.0,Diesel,Manual,1,0,Partial,27000
Ford,2014,136735.0,1.6,Electric,Manual,2,0,Full,30900
BMW,2021,56732.0,2.0,Petrol,Automatic,1,0,Partial,32400
Hyundai,2021,49149.0,2.2,Electric,Manual,1,1,,38400
Ford,2007,,2.2,Diesel,Manual,1,1,Full,6900
BMW,2023,15974.0,1.8,Diesel,Manual,1,0,Partial,34600
Mazda,2005,199450.0,2.5,Petrol,Automatic,1,0,Partial,17900
Toyota,2016,,1.6,Hybrid,Automatic,3,1,Partial,30200
Honda,2011,233767.0,2.5,Petrol,Automatic,1,0,Full,20100
Mazda,2008,146788.0,1.5,Petrol,Automatic,2,0,Partial,21500
Kia,2014,168263.0,1.5,Petrol,Manual,1,0,Partial,23800
Mercedes,2017,,1.2,Diesel,Automatic,1,0,None,24900
Mercedes,2006,129822.0,2.2,Diesel,Automatic,3,0,Full,9500
Toyota,2014,155638.0,1.6,Diesel,Manual,2,0,Partial,24300
BMW,2008,185651.0,1.5,Hybrid,Automatic,4,0,Partial,14600
Mercedes,2022,16661.0,1.5,Petrol,Automatic,4,0,None,29500
Honda,2009,227522.0,3.0,Diesel,Manual,1,1,Full,20900
Honda,2023,17797.0,2.5,Petrol,Manual,1,0,Partial,39200
Ford,2006,231727.0,1.8,Hybrid,Manual,3,0,Full,12400
Toyota,2016,202787.0,2.0,Hybrid,Manual,4,0,,20300
Ford,2021,,,Diesel,Automatic,2,0,Full,33800
Honda,2014,116004.0,1.6,Diesel,Automatic,2,0,Full,30700
Ford,2006,350000.0,3.0,Petrol,Automatic,2,0,,8200
Toyota,2010,152299.0,1.4,Petrol,Automatic,1,0,Full,23400
Kia,2012,154818.0,1.6,Hybrid,Manual,2,0,Full,22500
Hyundai,2023,500.0,1.5,Petrol,Automatic,3,0,Full,34200
Hyundai,2015,144869.0,1.8,Petrol,Automatic,2,0,Full,24200
Nissan,2016,167610.0,1.6,Petrol,Automatic,1,0,None,21700
Mercedes,2013,117124.0,1.8,Hybrid,Automatic,1,0,Partial,23800
Toyota,2006,120884.0,1.4,Petrol,Automatic,1,0,Partial,17200
Mercedes,2012,223474.0,1.8,Petrol,Automatic,1,0,Full,237
Hyundai,2015,180934.0,1.5,Diesel,Automatic,3,1,None,20500
Mazda,2008,114001.0,1.4,Hybrid,Manual,1,0,Full,26500
BMW,2014,162565.0,1.2,Petrol,Manual,1,1,Partial,12400
Toyota,2020,49409.0,2.2,Petrol,Manual,1,1,Full,32900
Ford,2012,133306.0,1.6,Petrol,Manual,2,0,Partial,18600
Ford,2008,143030.0,2.0,Petrol,Automatic,2,0,Partial,18200
Hyundai,2014,195866.0,2.0,Petrol,Automatic,1,0,Full,24200
Mercedes,2016,127163.0,2.0,Diesel,Automatic,1,0,Full,21100
Ford,2018,89133.0,1.6,Diesel,Automatic,1,0,,24500
Chevrolet,2020,45349.0,1.6,Diesel,Automatic,2,0,Full,29500
Hyundai,2022,34081.0,1.6,Petrol,Manual,1,0,Full,35500
Honda,2016,48929.0,2.0,Hybrid,Manual,3,0,Full,35000
Toyota,2022,19231.0,1.8,Petrol,Automatic,2,1,Partial,36100
Honda,2011,279127.0,2.5,Electric,Automatic,1,0,Partial,27800
Honda,2011,148061.0,2.5,Diesel,Automatic,2,1,Full,19600
Honda,2013,104410.0,1.4,Petrol,Manual,1,1,Full,22000
Honda,2005,316804.0,1.4,Diesel,Manual,2,1,,4000
Ford,2010,254211.0,2.0,Petrol,Automatic,1,1,Partial,9000
Honda,2010,167912.0,1.5,Diesel,Manual,2,0,Full,17000
Kia,2016,106795.0,1.0,Petrol,Manual,2,0,Partial,23400
Toyota,2016,138176.0,2.5,Petrol,Automatic,3,0,Full,28800
Mercedes,2014,124637.0,1.5,Hybrid,Manual,1,0,Full,20300
BMW,2010,265638.0,3.0,Petrol,Automatic,1,1,None,9000
Chevrolet,2021,71098.0,2.0,Hybrid,Manual,2,1,None,32600
Toyota,2023,13640.0,2.2,Petrol,Manual,3,0,Full,35700
BMW,2022,48397.0,1.4,Diesel,Automatic,3,0,Full,29600
Chevrolet,2010,221736.0,1.5,Diesel,Automatic,1,0,Full,15700
Nissan,2023,22480.0,1.8,Diesel,Automatic,1,0,Full,39900
Nissan,2014,179298.0,1.4,Petrol,Automatic,2,0,Full,24700
Honda,2012,180193.0,1.5,Petrol,Manual,1,0,Full,21700
Honda,2010,254241.0,1.5,Petrol,Automatic,1,1,None,9800
Hyundai,2011,186181.0,1.4,Petrol,Manual,1,0,None,22200
Kia,2005,219508.0,1.4,Diesel,Automatic,2,1,Partial,10300
Mercedes,2022,33270.0,2.2,Electric,Automatic,3,0,Partial,36700
Mercedes,2016,,1.4,Hybrid,Automatic,4,1,Full,22200
Ford,2020,78285.0,1.0,Hybrid,Automatic,1,0,Full,32300
Mazda,2014,153016.0,2.0,Hybrid,Manual,2,1,,27400
Honda,2014,64690.0,3.5,Diesel,Manual,3,0,Partial,30600
Ford,2018,84487.0,1.5,Petrol,Automatic,1,0,Full,31700
BMW,2014,168129.0,,Hybrid,Automatic,2,0,None,28200
Mercedes,2014,125248.0,1.8,Diesel,Automatic,1,1,Partial,19500
Honda,2015,56606.0,3.0,Diesel,Manual,1,0,Full,34000
Toyota,2006,350000.0,2.2,Petrol,Manual,1,0,Full,5800
Hyundai,2012,188638.0,2.0,Petrol,Manual,1,0,Partial,19800
Ford,2011,207020.0,1.5,Petrol,Automatic,2,0,None,12500
Hyundai,2012,144798.0,1.8,Hybrid,Automatic,1,1,Partial,24200
Honda,2005,327427.0,1.2,Diesel,Automatic,1,0,Full,17400
BMW,2006,350000.0,2.0,Petrol,Manual,1,0,Partial,1700
Mercedes,2022,10381.0,2.0,Electric,Automatic,3,1,Full,33600
Toyota,2019,95705.0,3.5,Petrol,Automatic,2,1,None,31400
Ford,2005,311531.0,1.5,Petrol,Manual,2,1,Partial,1500
Toyota,2009,174393.0,1.0,Petrol,Automatic,2,0,Partial,677
Toyota,2006,350000.0,1.8,Diesel,Automatic,1,0,Full,11100
Chevrolet,2007,285505.0,2.0,Hybrid,Automatic,1,0,,17500
Ford,2023,14654.0,2.2,Petrol,Automatic,2,0,Full,35700
Nissan,2022,30884.0,,Hybrid,Manual,1,0,Full,38300
Honda,2022,25953.0,1.5,Petrol,Manual,1,0,Full,35100
Hyundai,2018,99943.0,1.8,Hybrid,Automatic,2,0,None,32600
Mazda,2012,255590.0,1.5,Hybrid,Manual,1,0,Partial,15900
Hyundai,2016,,2.5,Hybrid,Automatic,1,1,Full,25200
BMW,2014,155525.0,1.6,Petrol,Automatic,2,0,None,19500
BMW,2021,63137.0,2.2,Electric,Automatic,1,0,Full,35200
Ford,2015,123234.0,1.8,Diesel,Automatic,2,1,Full,22400
Kia,2006,314097.0,2.2,Petrol,Manual,2,0,Full,5400
Nissan,2008,290442.0,1.5,Hybrid,Manual,2,0,,14200
Chevrolet,2005,257991.0,2.5,Petrol,Manual,2,1,Partial,1500
Toyota,2019,69098.0,1.5,Hybrid,Automatic,1,1,Full,37100
Mazda,2017,117139.0,1.8,Petrol,Manual,1,0,Partial,29200
Kia,2012,166033.0,1.4,Diesel,Manual,1,0,Full,22400
Honda,2008,288826.0,,Diesel,Automatic,1,0,Partial,18200
Toyota,2014,129756.0,1.5,Petrol,Automatic,4,0,Full,22500
Mazda,2023,8337.0,1.5,Petrol,Manual,3,1,Partial,25400
Mercedes,2022,13884.0,3.5,Petrol,Automatic,1,0,Partial,37800
Nissan,2009,186588.0,1.4,Petrol,Automatic,1,0,Partial,18800
Toyota,2023,11002.0,2.2,Petrol,Manual,1,0,Full,40100
Nissan,2020,52184.0,4.0,Diesel,Manual,1,0,Partial,36200
Honda,2005,334812.0,1.0,Petrol,Manual,1,0,Full,5000
Honda,2016,67080.0,2.0,Petrol,Automatic,2,1,,31600
Honda,2006,126246.0,1.5,Diesel,Manual,3,0,Full,14700
Nissan,2012,131995.0,1.2,Petrol,Automatic,2,0,Full,16800
Hyundai,2022,42254.0,1.6,Hybrid,Automatic,1,0,Partial,37700
Mercedes,2020,,3.0,Hybrid,Automatic,1,0,Partial,35300
Ford,2009,179733.0,1.0,Diesel,Manual,2,0,Full,17700
Nissan,2017,150547.0,1.8,Diesel,Automatic,3,0,None,30500
BMW,2023,19632.0,1.8,Hybrid,Automatic,3,0,None,36800
Nissan,2007,290018.0,2.5,Petrol,Automatic,3,0,Partial,6600
BMW,2012,162567.0,1.2,Petrol,Automatic,2,0,,13100
Ford,2016,92105.0,2.0,Petrol,Automatic,2,1,Partial,25000
BMW,2006,228356.0,2.0,Hybrid,Automatic,1,0,Full,17400
Ford,2015,164679.0,2.0,Petrol,Automatic,2,0,Full,19900
Mazda,2016,145244.0,,Diesel,Automatic,1,0,None,35300
Mercedes,2022,57530.0,2.5,Electric,Manual,1,0,None,37900
Honda,2017,117429.0,1.2,Hybrid,Manual,2,1,None,28300
Kia,2009,111103.0,,Diesel,Manual,1,0,Full,25300
Ford,2016,180047.0,1.6,Petrol,Automatic,1,1,Full,15300
Mercedes,2006,311504.0,1.5,Hybrid,Automatic,1,1,Full,5500
Kia,2009,261629.0,1.6,Diesel,Automatic,1,1,Full,16300
Hyundai,2011,178812.0,1.6,Petrol,Automatic,1,0,Full,19700
Toyota,2016,154287.0,1.6,Petrol,Automatic,1,0,Full,25600
Kia,2020,32998.0,3.5,Hybrid,Automatic,1,0,Partial,44700
Hyundai,2012,222694.0,1.2,Diesel,Manual,1,0,Partial,18600
Ford,2013,66910.0,3.0,Hybrid,Automatic,4,0,Partial,26700
Toyota,2019,94378.0,1.6,Hybrid,Manual,1,0,Partial,35900
Nissan,2009,149821.0,2.0,Diesel,Manual,1,0,Full,16400
Hyundai,2017,111033.0,2.5,Diesel,Manual,2,0,Full,30000
Mercedes,2009,314384.0,1.6,Petrol,Manual,3,0,Partial,4700
Kia,2015,162620.0,1.6,Petrol,Automatic,2,1,Partial,17800
Nissan,2014,196027.0,1.6,Petrol,Automatic,1,1,Partial,16200
Honda,2017,136468.0,1.6,Hybrid,Manual,2,0,Full,30100
Ford,2013,131243.0,3.0,Diesel,Automatic,2,0,Full,32100
Honda,2018,92166.0,2.5,Hybrid,Automatic,2,0,Partial,39300
Mazda,2022,21914.0,1.2,Petrol,Manual,2,0,None,34500
Toyota,2019,57883.0,1.2,Diesel,Automatic,3,1,None,29700
Mercedes,2014,211358.0,1.6,Diesel,Manual,3,1,Partial,11400
Mazda,2011,183923.0,1.2,Diesel,Automatic,2,0,,18300
Nissan,2012,99925.0,2.0,Diesel,Automatic,1,0,Partial,29200
Ford,2007,350000.0,1.4,Petrol,Manual,2,0,Partial,1500
Nissan,2019,80662.0,1.8,Diesel,Manual,3,0,Partial,30700
Toyota,2020,76532.0,1.0,Petrol,Automatic,1,0,None,33900
Nissan,2008,,1.5,Petrol,Automatic,4,0,,12700
Toyota,2010,243902.0,2.0,Petrol,Manual,1,0,None,16300
BMW,2005,297314.0,1.6,Diesel,Automatic,2,0,Full,6200
Nissan,2008,196770.0,3.5,Electric,Automatic,3,0,Partial,24300
Honda,2015,131864.0,2.5,Diesel,Automatic,1,1,Partial,33100
Honda,2016,58863.0,1.5,Diesel,Automatic,2,1,Full,32500
Mazda,2009,199814.0,1.2,Diesel,Automatic,1,0,Partial,16600
Mazda,2020,77681.0,2.5,Diesel,Automatic,1,0,Full,38200
Hyundai,2017,70453.0,3.0,Petrol,Automatic,1,0,Partial,36200
Mazda,2017,141813.0,2.5,Petrol,Automatic,1,0,,29200
Mercedes,2021,13676.0,1.4,Petrol,Manual,1,0,Full,33100
Honda,2011,183543.0,4.0,Petrol,Manual,4,1,Full,18200
Ford,2012,144614.0,1.5,Petrol,Automatic,4,0,Partial,15500
Honda,2017,94995.0,2.0,Petrol,Automatic,1,0,Partial,34900
Kia,2020,77258.0,3.0,Petrol,Manual,2,0,Full,26300
Hyundai,2008,165601.0,1.5,Electric,Automatic,1,1,None,27100
BMW,2012,154687.0,3.0,Petrol,Automatic,1,1,Partial,19500
BMW,2020,55908.0,1.5,Petrol,Manual,1,0,Partial,25200
Kia,2014,163227.0,3.5,Petrol,Automatic,4,0,Full,22800
Honda,2016,139144.0,1.5,Diesel,Manual,3,0,None,19200
Hyundai,2016,70502.0,3.5,Petrol,Manual,1,0,Full,30600
Mercedes,2009,216951.0,1.2,Petrol,Automatic,1,0,Partial,13700
Hyundai,2020,74873.0,2.0,Diesel,Automatic,1,0,Partial,36200
Toyota,2005,161280.0,1.8,Petrol,Manual,2,0,Full,15400
Nissan,2013,142330.0,1.6,Petrol,Automatic,2,0,Partial,22300
Kia,2016,58172.0,1.5,Petrol,Automatic,1,0,Full,31100
Mercedes,2009,256512.0,2.0,Petrol,Manual,2,1,Partial,5400
Mazda,2007,350000.0,1.4,Petrol,Manual,1,0,Partial,5300
Kia,2009,213105.0,1.8,Petrol,Automatic,3,0,None,15200
Mazda,2006,211732.0,1.5,Hybrid,Manual,2,0,None,13200
Honda,2018,70585.0,,Diesel,Automatic,1,0,Partial,40700
Mercedes,2006,244182.0,1.0,Diesel,Automatic,2,0,Partial,5600
Hyundai,2017,90809.0,1.4,Petrol,Automatic,3,0,Partial,26700
BMW,2011,242357.0,1.5,Electric,Manual,1,0,,17500
Mazda,2014,114233.0,1.6,Petrol,Automatic,1,0,Partial,27200
Kia,2017,110271.0,1.5,Petrol,Automatic,3,0,None,23100
Kia,2020,,1.8,Diesel,Manual,1,0,Full,35700
BMW,2018,74472.0,2.5,Petrol,Manual,1,1,Full,24900
Toyota,2015,137714.0,2.0,Petrol,Manual,2,0,Full,21900
Chevrolet,2014,159581.0,1.8,Diesel,Automatic,3,0,Full,18100
Nissan,2010,264928.0,1.2,Hybrid,Automatic,2,0,Full,16400
Toyota,2008,210850.0,,Petrol,Manual,3,1,Full,8800
Kia,2005,201983.0,1.4,Diesel,Automatic,2,0,Full,13600
Nissan,2011,233211.0,2.2,Electric,Manual,1,1,Partial,25000
Mercedes,2013,,1.5,Petrol,Automatic,2,1,Full,11500
Hyundai,2012,191872.0,1.6,Petrol,Automatic,2,0,Partial,13600
BMW,2009,222544.0,1.5,Petrol,Automatic,1,0,None,10400
Toyota,2023,11963.0,2.5,Petrol,Automatic,1,0,None,42400
Ford,2014,120110.0,1.4,Petrol,Automatic,1,1,Partial,19100
Nissan,2015,147339.0,1.8,Hybrid,Automatic,2,0,Full,28500
Toyota,2019,10050.0,1.4,Diesel,Automatic,3,0,None,33500
Ford,2010,273737.0,2.0,Diesel,Automatic,2,0,Partial,10100
BMW,2019,54289.0,3.0,Petrol,Manual,4,0,Full,22800
Mercedes,2009,253024.0,1.6,Hybrid,Manual,1,0,Full,10000
Kia,2023,17230.0,1.6,Electric,Manual,3,0,Full,47000
Ford,2023,13756.0,3.0,Hybrid,Automatic,3,0,Full,44100
Ford,2014,177597.0,1.8,Petrol,Automatic,1,0,Full,17200
Mazda,2016,99394.0,1.6,Diesel,Automatic,4,0,None,21500
BMW,2008,138312.0,1.8,Petrol,Manual,1,1,Partial,10600
Honda,2022,23100.0,2.0,Petrol,Automatic,3,0,Partial,41600
BMW,2020,36291.0,1.2,Petrol,Automatic,3,1,Partial,25000
Honda,2012,143532.0,2.5,Diesel,Automatic,2,0,Partial,26300
Honda,2008,214297.0,1.6,Diesel,Automatic,2,0,None,16600
Mercedes,2016,111469.0,1.2,Petrol,Automatic,1,1,None,21500
BMW,2006,273253.0,2.2,Petrol,Manual,2,0,Full,4600
Kia,2008,218782.0,,Petrol,Automatic,1,1,None,17100
Ford,2009,205384.0,1.2,Petrol,Manual,2,1,Partial,3300
Hyundai,2007,96959.0,2.0,Petrol,Automatic,2,0,Full,22400
Hyundai,2013,113003.0,2.5,Petrol,Automatic,3,0,Partial,22900
Toyota,2022,42935.0,2.5,Hybrid,Automatic,1,0,Partial,45800
Hyundai,2015,153956.0,3.5,Petrol,Manual,3,0,None,24100
Honda,2007,137556.0,2.5,Petrol,Automatic,3,0,Full,20700
Chevrolet,2006,209907.0,1.0,Petrol,Automatic,2,0,Partial,11700
Honda,2013,212879.0,1.6,Electric,Manual,1,0,Full,31500
BMW,2018,82443.0,2.2,Diesel,Automatic,1,0,Full,34500
Toyota,2008,238486.0,1.6,Diesel,Automatic,1,1,Full,15200
Chevrolet,2013,231247.0,1.8,Petrol,Automatic,2,1,Partial,10300
Mercedes,2017,79003.0,1.8,Diesel,Automatic,2,0,Partial,22600
Hyundai,2022,25598.0,1.6,Petrol,Manual,4,1,Full,28500
Toyota,2019,65581.0,3.0,Diesel,Automatic,1,0,Partial,41600
Mazda,2014,229824.0,1.8,Hybrid,Manual,1,0,Full,20400
Honda,2020,75066.0,1.6,Diesel,Automatic,2,0,Full,37800
Kia,2016,118194.0,4.0,Hybrid,Automatic,3,0,Partial,32600
Honda,2009,188202.0,1.8,Diesel,Automatic,3,0,Full,15300
Honda,2006,321245.0,1.4,Petrol,Manual,3,1,Partial,1500
Toyota,2014,171562.0,1.8,Hybrid,Automatic,1,1,Full,24100
BMW,2005,193882.0,2.2,Petrol,Automatic,2,0,Full,7400
Mercedes,2011,224043.0,2.2,Diesel,Automatic,3,1,Partial,9800
Toyota,2021,38746.0,2.2,Petrol,Automatic,2,0,Partial,40000
Mazda,2020,53505.0,2.0,Petrol,Automatic,1,0,Full,40900
BMW,2007,201631.0,1.5,Petrol,Automatic,1,1,Partial,6200
Mercedes,2018,62817.0,2.5,Petrol,Automatic,1,0,Partial,29800
BMW,2014,101733.0,2.5,Petrol,Manual,2,0,Partial,18900
BMW,2011,138552.0,1.4,Diesel,Manual,1,0,Full,17500
Mercedes,2021,51207.0,1.4,Petrol,Automatic,1,0,Partial,26300
Honda,2010,203648.0,3.5,Petrol,Automatic,1,0,,20800
Honda,2008,169185.0,2.5,Diesel,Automatic,2,0,Full,23800
Nissan,2021,58318.0,2.5,Petrol,Automatic,1,0,None,32900
Kia,2013,100250.0,2.5,Diesel,Manual,2,0,None,27600
Ford,2008,310094.0,1.8,Diesel,Automatic,1,0,None,9100
Ford,2011,112838.0,2.0,Hybrid,Manual,1,0,Partial,20100
Hyundai,2006,293331.0,1.8,Diesel,Manual,2,1,Partial,1500
BMW,2021,42122.0,1.2,Petrol,Automatic,1,0,Partial,34600
Toyota,2012,151650.0,,Diesel,Manual,1,0,Partial,20600
Honda,2019,72223.0,1.8,Petrol,Automatic,1,0,Partial,34800
Mazda,2019,71252.0,2.0,Petrol,Manual,3,0,Partial,30200
Hyundai,2012,134905.0,,Hybrid,Automatic,2,0,Full,23600
Toyota,2020,42984.0,1.8,Petrol,Automatic,1,0,Full,36500
Honda,2023,13035.0,1.4,Hybrid,Manual,1,1,None,40400
Honda,2015,137377.0,1.5,Hybrid,Automatic,4,0,Full,27000
Hyundai,2006,174600.0,1.4,Hybrid,Automatic,2,0,Partial,18000
Toyota,2021,41853.0,1.4,Hybrid,Automatic,1,0,None,42600
Toyota,2020,69425.0,3.5,Petrol,Manual,2,0,Partial,35400
Nissan,2019,81368.0,1.4,Petrol,Automatic,2,0,None,27500
Honda,2017,101090.0,,Diesel,Automatic,2,0,Partial,33900
Hyundai,2019,97753.0,1.8,Petrol,Automatic,2,1,Full,27500
Honda,2008,218657.0,2.0,Diesel,Automatic,1,0,Partial,15400
Toyota,2020,36520.0,1.4,Diesel,Automatic,1,1,Full,36800
Honda,2016,,2.2,Diesel,Automatic,3,0,Full,28000
Mazda,2008,273329.0,2.2,Petrol,Automatic,2,0,Full,12800
Nissan,2007,203457.0,1.5,Petrol,Automatic,1,0,Full,15600
Nissan,2021,58676.0,1.5,Petrol,Automatic,3,0,Full,29200
BMW,2022,10627.0,3.0,Petrol,Automatic,3,1,Full,34100
Hyundai,2022,29666.0,2.5,Hybrid,Automatic,4,0,Partial,34600
Honda,2021,31509.0,2.0,Petrol,Automatic,3,0,Partial,35700
Ford,2016,147745.0,1.2,Petrol,Manual,4,1,Full,13600
Kia,2008,230801.0,1.6,Petrol,Automatic,1,1,Full,12200
Toyota,2016,81436.0,1.8,Diesel,Automatic,3,1,Partial,26500
Toyota,2019,538398.0,1.4,Diesel,Automatic,3,1,Partial,28700
Honda,2020,7416.0,1.6,Petrol,Automatic,1,0,None,37000
Toyota,2009,278129.0,1.8,Petrol,Automatic,1,1,Full,10600
Honda,2019,77959.0,1.5,Petrol,Automatic,4,0,None,31600
Hyundai,2021,31365.0,2.2,Petrol,Manual,1,1,Partial,31700
BMW,2022,14382.0,2.5,Diesel,Automatic,3,1,Partial,35300
Kia,2009,172923.0,1.5,Diesel,Automatic,1,0,Full,22600
Nissan,2017,64927.0,2.5,Petrol,Automatic,1,1,Full,22900
Ford,2023,20018.0,1.2,Petrol,Manual,2,0,Full,34600
Honda,2017,122436.0,2.5,Electric,Automatic,1,0,Full,39700
Ford,2022,35305.0,1.4,Petrol,Manual,2,0,Partial,27700
Hyundai,2018,23525.0,1.2,Diesel,Manual,2,1,Partial,32000
Honda,2008,220083.0,2.0,Petrol,Manual,1,0,Partial,15300
Hyundai,2008,187082.0,1.6,Petrol,Manual,1,0,Partial,14900
BMW,2023,8986.0,3.0,Petrol,Automatic,1,0,Partial,38500
Mercedes,2017,84735.0,1.6,Diesel,Automatic,1,1,Full,26200
BMW,2016,84116.0,1.5,Electric,Automatic,2,0,None,31600
Ford,2011,,1.8,Petrol,Automatic,1,1,,13400
Kia,2016,143402.0,1.6,Petrol,Manual,1,1,Full,19600
Mazda,2008,282466.0,1.5,Petrol,Automatic,2,0,Full,14600
Honda,2006,657247.0,2.0,Petrol,Automatic,1,0,Partial,15700
Nissan,2006,350000.0,,Petrol,Automatic,1,1,,3900
BMW,2009,302602.0,2.5,Petrol,Automatic,1,1,Full,4900
Kia,2014,143935.0,3.5,Hybrid,Automatic,3,1,Partial,28100
Nissan,2014,128166.0,1.5,Petrol,Manual,3,0,Partial,19100
BMW,2013,232718.0,2.0,Petrol,Automatic,3,1,Partial,10900
Toyota,2017,130703.0,1.6,Hybrid,Manual,1,0,Full,31100
Honda,2011,131994.0,2.0,Petrol,Automatic,1,0,,27400
Mercedes,2009,279872.0,1.6,Electric,Automatic,2,1,None,11400
Hyundai,2014,,4.0,Petrol,Automatic,2,0,None,25300
Honda,2014,128734.0,2.0,Hybrid,Manual,4,1,Full,21100
Toyota,2010,107227.0,3.5,Diesel,Automatic,1,0,Full,25400
Nissan,2023,500.0,2.5,Hybrid,Manual,1,1,Full,38000
Chevrolet,2012,174306.0,3.0,Electric,Automatic,2,0,Full,23700
Mercedes,2005,350000.0,2.2,Petrol,Manual,3,0,Partial,1600
Honda,2021,64566.0,1.6,Electric,Manual,3,1,None,713
Ford,2011,154036.0,1.5,Petrol,Automatic,2,0,Full,24400
Toyota,2018,91192.0,1.6,Petrol,Automatic,4,0,Full,29200
Kia,2021,42073.0,1.0,Petrol,Manual,2,1,None,26700
Toyota,2013,162175.0,1.8,Diesel,Manual,3,0,Full,23600
Mercedes,2021,27941.0,1.8,Petrol,Automatic,4,1,None,21500
Ford,2009,205852.0,1.8,Diesel,Automatic,3,0,Partial,10200
Mercedes,2012,193323.0,3.5,Diesel,Automatic,1,0,None,20500
Hyundai,2010,238654.0,3.0,Hybrid,Manual,1,1,Full,19800
Nissan,2015,124597.0,1.4,Hybrid,Automatic,2,0,,31600
Honda,2023,4555.0,1.6,Petrol,Manual,2,0,Full,39000
Toyota,2008,152674.0,1.6,Petrol,Manual,3,0,,15000
Toyota,2022,41117.0,1.6,Petrol,Automatic,1,1,Full,39200
Kia,2005,124291.0,2.2,Petrol,Automatic,1,0,None,23000
Nissan,2017,138931.0,1.8,Petrol,Manual,2,0,Partial,24600
Hyundai,2018,110120.0,1.8,Petrol,Manual,1,0,Partial,31900
Hyundai,2005,284685.0,2.5,Petrol,Manual,1,0,Full,15600
Hyundai,2015,161236.0,2.2,Electric,Automatic,1,0,Partial,33000
Honda,2021,53185.0,1.4,Diesel,Automatic,2,0,Partial,34300
Kia,2008,233507.0,2.0,Petrol,Manual,1,0,Full,12700
BMW,2016,70003.0,1.6,Diesel,Manual,3,0,None,18600
Ford,2014,204243.0,1.5,Petrol,Automatic,1,0,Full,20900
Mercedes,2010,284967.0,1.2,Petrol,Automatic,3,0,Full,1500
Toyota,2005,192905.0,1.6,Diesel,Automatic,2,0,Full,20100
Honda,2011,120118.0,1.5,Petrol,Manual,1,1,Partial,18200
Mazda,2020,73448.0,1.5,Petrol,Manual,1,0,Partial,36100
Toyota,2018,72644.0,2.0,Electric,Automatic,1,0,Full,36600
Hyundai,2010,,2.2,Hybrid,Automatic,2,0,Full,20600
Honda,2009,298426.0,1.5,Diesel,Manual,1,0,Full,10300
Ford,2022,6486.0,1.2,Diesel,Automatic,1,1,Full,37500
Ford,2019,,2.5,Diesel,Manual,2,1,Full,28900
Ford,2010,206199.0,1.0,Petrol,Automatic,1,0,Full,9300
Mazda,2023,19444.0,3.0,Petrol,Manual,1,0,Full,42900
Ford,2005,334129.0,2.0,Petrol,Manual,2,0,None,4800
Mercedes,2005,335142.0,1.5,Petrol,Automatic,3,0,Partial,1500
BMW,2017,120407.0,1.5,Diesel,Automatic,1,1,Partial,23400
Hyundai,2007,290610.0,1.0,Petrol,Automatic,1,0,Full,12000
Kia,2014,168382.0,1.5,Electric,Automatic,4,0,Full,28400
Mazda,2007,217371.0,1.4,Hybrid,Manual,1,0,Full,15400
Honda,2013,85767.0,2.0,Diesel,Automatic,4,0,Full,28900
Toyota,2012,124609.0,1.4,Diesel,Manual,1,0,Full,26300
Honda,2007,241230.0,1.8,Hybrid,Automatic,3,1,None,13300
Hyundai,2017,73960.0,1.8,Petrol,Automatic,1,0,None,33400
Toyota,2010,154169.0,1.5,Hybrid,Automatic,3,0,Full,20400
Mercedes,2017,158664.0,1.0,Petrol,Manual,1,0,Full,14300
Hyundai,2016,136457.0,1.0,Hybrid,Automatic,2,0,None,28200
Ford,2017,797468.0,1.0,Petrol,Automatic,1,0,Full,30800
Mazda,2006,317896.0,2.0,Hybrid,Automatic,1,0,Partial,12000
Toyota,2020,61238.0,1.5,Electric,Manual,2,0,None,41000
Toyota,2010,211574.0,2.2,Petrol,Manual,2,0,None,15700
Mazda,2023,25672.0,1.6,Petrol,Automatic,3,1,,30600
Mercedes,2017,100820.0,1.6,Electric,Automatic,1,0,Full,33700
Hyundai,2021,28206.0,1.8,Petrol,Manual,3,1,Full,30500
BMW,2013,227835.0,2.0,Hybrid,Automatic,1,0,None,17800
Honda,2021,50100.0,1.5,Diesel,Manual,4,0,None,34800
Nissan,2006,103676.0,1.4,Petrol,Automatic,4,0,Partial,15800
Nissan,2023,10092.0,1.8,Petrol,Manual,1,1,Partial,33500
Mazda,2023,11846.0,1.5,Petrol,Manual,3,1,Partial,32200
Ford,2011,159380.0,1.6,Hybrid,Automatic,3,1,Partial,21700
Hyundai,2014,177778.0,2.0,Petrol,Manual,1,0,Partial,24200
Ford,2014,144758.0,1.8,Diesel,Automatic,2,0,Partial,21200
Toyota,2013,104967.0,2.0,Petrol,Automatic,1,0,,29200
Kia,2021,39117.0,1.8,Diesel,Manual,3,1,Full,29600
Toyota,2019,90053.0,2.0,Hybrid,Automatic,1,0,Partial,40500
Kia,2006,254604.0,2.0,Electric,Automatic,1,0,Full,22000
BMW,2008,199356.0,1.8,Petrol,Manual,1,0,,15700
Honda,2023,21067.0,2.0,Hybrid,Automatic,2,0,Partial,43000
Mercedes,2021,75769.0,2.5,Hybrid,Automatic,3,0,Partial,26700
Nissan,2009,264357.0,1.6,Diesel,Automatic,4,1,None,7200
Mazda,2011,273372.0,1.6,Electric,Manual,1,0,Full,21500
Nissan,2022,32342.0,2.2,Petrol,Manual,1,1,Partial,29000
Hyundai,2011,211248.0,,Petrol,Manual,2,1,Full,10600
Mazda,2021,48159.0,1.2,Hybrid,Automatic,2,0,None,37600
Nissan,2011,203775.0,2.5,Petrol,Automatic,1,0,,23400
Honda,2008,286144.0,1.0,Hybrid,Automatic,1,0,Partial,13300
BMW,2012,114081.0,2.0,Hybrid,Manual,2,1,Partial,18800
Honda,2017,121414.0,2.2,Petrol,Manual,1,0,Full,34900
Chevrolet,2008,145835.0,3.5,Hybrid,Automatic,2,0,None,22400
Kia,2010,143039.0,1.2,Petrol,Automatic,2,0,None,19000
Toyota,2009,350000.0,1.8,Diesel,Manual,3,0,Full,9900
Mazda,2016,104536.0,1.6,Diesel,Automatic,2,0,Full,30900
Kia,2008,283242.0,1.5,Hybrid,Manual,1,0,Full,18100
Honda,2013,237068.0,1.2,Petrol,Automatic,3,1,Full,12500
Mercedes,2008,94419.0,1.8,Petrol,Automatic,2,1,None,14400
Kia,2023,32478.0,1.6,Diesel,Manual,1,0,None,39800
Toyota,2018,118647.0,1.2,Diesel,Manual,2,0,Full,27900
Mazda,2009,322975.0,2.0,Diesel,Automatic,1,1,Full,10800
Ford,2022,22571.0,2.0,Petrol,Manual,3,0,Partial,31100
Kia,2014,203157.0,2.2,Petrol,Automatic,2,1,Full,14600
Chevrolet,2023,7984.0,3.0,Petrol,Automatic,2,0,Full,36600
Kia,2016,162122.0,1.6,Hybrid,Automatic,1,0,Full,33500
BMW,2022,42529.0,,Petrol,Automatic,1,0,Partial,38400
Nissan,2021,48670.0,2.5,Petrol,Automatic,4,0,Partial,30300
Nissan,2015,138702.0,1.5,Electric,Manual,3,1,Partial,24400
Ford,2007,127976.0,1.4,Petrol,Automatic,1,0,Full,20300
Nissan,2021,14464.0,1.6,Electric,Automatic,1,0,Partial,46500
Toyota,2005,297845.0,1.6,Diesel,Automatic,1,0,Partial,15000
Hyundai,2019,54313.0,1.8,Hybrid,Manual,2,1,None,32700
Honda,2013,190551.0,1.8,Petrol,Manual,2,0,,20400
Toyota,2019,67529.0,2.0,Petrol,Automatic,2,1,None,30400
Toyota,2007,350000.0,1.8,Diesel,Manual,2,0,None,5300
Mazda,2023,19406.0,1.2,Hybrid,Automatic,3,0,Full,41600
Ford,2017,95308.0,2.5,Diesel,Automatic,1,1,Full,27100
Mazda,2016,134444.0,1.5,Petrol,Automatic,1,0,None,24000
Toyota,2005,239382.0,3.5,Hybrid,Automatic,2,0,Partial,19000
Ford,2021,50565.0,1.2,Hybrid,Automatic,4,0,None,33700
Mercedes,2017,55638.0,,Diesel,Automatic,2,0,Partial,25200
Nissan,2005,290504.0,1.2,Hybrid,Manual,2,0,Partial,6300
Ford,2014,139832.0,1.5,Hybrid,Automatic,2,0,Full,25500
Hyundai,2019,41597.0,1.2,Diesel,Automatic,3,0,Full,35700
Kia,2011,300365.0,2.0,Petrol,Automatic,1,0,None,17400
Hyundai,2022,29787.0,2.5,Petrol,Automatic,1,0,Full,43500
Honda,2020,56519.0,1.6,Petrol,Manual,4,0,Full,29400
Toyota,2018,76121.0,3.0,Petrol,Automatic,3,1,Partial,29000
Nissan,2022,10093.0,1.8,Petrol,Automatic,1,1,Partial,37400
Toyota,2011,137517.0,2.0,Petrol,Manual,2,0,,19800
Nissan,2021,55324.0,2.5,Petrol,Automatic,1,0,Full,34300
Mercedes,2022,44226.0,1.5,Petrol,Automatic,1,1,Full,25000
Kia,2016,101007.0,1.5,Hybrid,Automatic,4,0,Full,30300
Nissan,2012,252248.0,3.0,Electric,Automatic,1,0,Partial,25500
Chevrolet,2006,246390.0,3.0,Petrol,Automatic,3,1,Full,8100
Ford,2011,286170.0,3.5,Electric,Manual,1,0,None,22500
Mazda,2008,350000.0,,Diesel,Automatic,2,0,Partial,15000
BMW,2022,33457.0,1.4,Petrol,Manual,1,1,,24300
BMW,2010,123809.0,2.5,Petrol,Automatic,2,0,Full,16600
Hyundai,2013,,1.6,Diesel,Automatic,2,0,Partial,22300
Nissan,2013,159444.0,4.0,Hybrid,Manual,2,0,Full,26500
Chevrolet,2018,106937.0,1.6,Diesel,Manual,1,0,Full,20700
Mazda,2012,170689.0,1.8,Petrol,Automatic,1,1,Partial,16500
BMW,2023,22198.0,1.8,Petrol,Manual,1,0,Full,29900
BMW,2007,343315.0,1.5,Petrol,Automatic,1,0,Partial,1500
Mazda,2022,26384.0,1.2,Petrol,Manual,2,1,Full,32700
Honda,2009,148712.0,2.5,Petrol,Manual,2,0,,21100
Toyota,2018,117655.0,2.2,Petrol,Automatic,2,0,None,31500
Ford,2008,269034.0,,Hybrid,Automatic,2,0,Partial,18100
Ford,2011,178311.0,2.2,Hybrid,Automatic,1,0,Partial,26600
Ford,2016,164360.0,2.0,Petrol,Manual,1,0,Partial,24100
Honda,2006,237338.0,1.6,Hybrid,Automatic,1,1,Full,11900
Toyota,2015,116822.0,1.5,Petrol,Automatic,3,1,Partial,22300
Toyota,2018,112727.0,2.5,Petrol,Automatic,2,0,Full,32600
Chevrolet,2020,56453.0,2.0,Petrol,Automatic,1,0,Partial,31500
BMW,2010,123609.0,1.8,Diesel,Automatic,1,0,Partial,24500
Ford,2008,236765.0,1.8,Electric,Automatic,3,0,None,17900
Hyundai,2019,64988.0,1.2,Diesel,Manual,2,0,Partial,27700
Honda,2005,340015.0,1.6,Petrol,Automatic,2,1,Full,1500
Kia,2011,203314.0,,Diesel,Manual,1,0,Partial,24300
Nissan,2016,137178.0,1.4,Petrol,Automatic,1,0,Full,25200
Toyota,2014,109666.0,2.0,Hybrid,Manual,4,0,Full,21200
BMW,2009,227176.0,3.0,Diesel,Automatic,2,0,Full,12600
Nissan,2016,143185.0,1.6,Petrol,Automatic,1,0,Partial,21700
Kia,2022,13540.0,1.4,Diesel,Manual,3,0,Full,36600
BMW,2014,140481.0,2.0,Diesel,Manual,2,0,Full,14100
Hyundai,2010,157038.0,2.5,Petrol,Manual,1,0,None,17600
Honda,2016,103900.0,2.0,Diesel,Automatic,1,0,Partial,32700
Chevrolet,2011,177290.0,2.5,Petrol,Automatic,1,0,Full,22300
Honda,2022,36347.0,1.8,Diesel,Manual,1,0,Full,38700
Kia,2006,350000.0,2.2,Hybrid,Automatic,2,1,Partial,4100
Hyundai,2014,129991.0,1.4,Hybrid,Manual,1,0,None,28300
Hyundai,2019,63932.0,1.5,Diesel,Automatic,3,0,Full,30400
Mercedes,2016,87030.0,1.6,Diesel,Automatic,4,0,Partial,23300
Honda,2021,51995.0,1.8,Petrol,Manual,1,1,Partial,34300
Honda,2008,274177.0,3.0,Hybrid,Automatic,2,0,Partial,18100
Honda,2011,273798.0,2.5,Petrol,Manual,3,0,None,15100
Honda,2013,198458.0,1.4,Petrol,Manual,2,0,Partial,19400
Mazda,2023,25177.0,1.4,Petrol,Manual,2,0,None,39200
Ford,2011,154452.0,1.5,Petrol,Manual,1,0,Full,19600
Toyota,2006,269776.0,1.5,Diesel,Automatic,2,0,,14700
Chevrolet,2010,196445.0,2.0,Petrol,Automatic,2,1,Partial,14800
Kia,2022,30396.0,3.0,Diesel,Automatic,4,0,Full,36500
Kia,2010,267437.0,3.5,Petrol,Manual,1,0,Partial,14700
Chevrolet,2017,95331.0,2.0,Petrol,Manual,3,0,Full,22900
Honda,2023,19131.0,2.5,Diesel,Automatic,1,0,Full,43000
BMW,2006,350000.0,1.8,Petrol,Automatic,4,0,Full,1500
Mazda,2016,141161.0,1.4,Petrol,Manual,2,1,Partial,20400
Mazda,2019,72402.0,1.8,Diesel,Automatic,2,1,None,31700
Honda,2018,108597.0,1.8,Petrol,Automatic,2,0,Full,27400
Nissan,2010,210472.0,2.0,Hybrid,Automatic,1,0,Partial,23800
Honda,2022,37526.0,1.4,Petrol,Automatic,1,0,Full,35300
Honda,2009,106828.0,1.6,Petrol,Manual,1,0,None,25100
Mercedes,2022,13603.0,1.6,Diesel,Manual,1,0,Partial,35100
Hyundai,2007,350000.0,3.5,Petrol,Automatic,1,1,,9300
Hyundai,2007,290228.0,1.6,Petrol,Manual,2,1,Partial,5200
Toyota,2014,225544.0,2.2,Petrol,Automatic,2,0,Full,21400
Nissan,2023,10843.0,2.2,Petrol,Automatic,1,0,Partial,38800
Honda,2007,338600.0,1.5,Hybrid,Manual,3,0,None,8500
Toyota,2016,152951.0,1.8,Petrol,Automatic,2,0,Full,31800
Kia,2020,28594.0,2.5,Hybrid,Manual,4,0,Partial,35100
Kia,2021,41915.0,1.6,Hybrid,Automatic,2,0,None,35200
Nissan,2011,195253.0,3.0,Petrol,Automatic,1,0,Full,17700
Nissan,2017,45466.0,1.4,Hybrid,Automatic,2,0,None,339
Hyundai,2006,244506.0,1.2,Petrol,Automatic,2,0,None,10000
Mercedes,2008,290330.0,2.5,Electric,Automatic,1,0,Partial,19600
Toyota,2014,,2.5,Petrol,Automatic,1,0,Full,26600
BMW,2011,211809.0,4.0,Diesel,Automatic,1,0,Full,23700
Ford,2021,48802.0,2.0,Petrol,Manual,1,0,Full,32900
Honda,2010,189490.0,3.0,Petrol,Manual,1,0,Partial,22700
Mazda,2023,500.0,2.5,Diesel,Manual,2,0,Partial,41700
Mercedes,2009,262617.0,2.5,Diesel,Manual,1,0,Partial,11700
Toyota,2014,82506.0,1.8,Petrol,Automatic,2,0,Full,28100
Honda,2013,165420.0,1.6,Petrol,Automatic,2,0,,17000
Hyundai,2017,140038.0,3.0,Diesel,Automatic,1,1,Partial,27100
Toyota,2023,25463.0,1.6,Diesel,Manual,1,0,Partial,38200
Nissan,2010,150918.0,1.8,Electric,Automatic,1,0,None,30200
Mercedes,2008,288854.0,1.6,Hybrid,Manual,1,0,Partial,9400
BMW,2007,272737.0,1.8,Electric,Automatic,1,0,Partial,15400
Hyundai,2007,311302.0,1.6,Diesel,Automatic,1,1,Partial,13000
Nissan,2008,248762.0,1.2,Petrol,Manual,2,0,Partial,8000
Ford,2009,89151.0,2.5,Petrol,Manual,2,0,Full,14200
Hyundai,2012,231804.0,1.6,Hybrid,Manual,1,0,None,21300
Mercedes,2020,84308.0,1.8,Diesel,Automatic,1,0,Partial,32600
Honda,2007,326037.0,1.4,Petrol,Automatic,2,1,Full,6100
Nissan,2016,3855.0,1.0,Petrol,Automatic,3,0,Full,28400
Nissan,2012,195431.0,1.5,Electric,Manual,2,0,,24900
Hyundai,2017,101223.0,2.0,Diesel,Automatic,2,1,,31700
Nissan,2008,168307.0,1.2,Petrol,Automatic,1,1,Full,12100
Nissan,2018,84702.0,3.0,Petrol,Automatic,1,0,Full,33700
Mazda,2018,76916.0,1.4,Petrol,Manual,3,0,Partial,28800
Nissan,2017,135152.0,1.4,Petrol,Manual,1,0,Full,25800
Mazda,2010,212991.0,1.4,Petrol,Automatic,4,0,Partial,12800
Hyundai,2021,25298.0,1.0,Petrol,Automatic,2,1,Full,30100
Hyundai,2008,204089.0,2.2,Hybrid,Manual,2,0,Partial,17900
Mazda,2012,159753.0,2.5,Petrol,Manual,1,0,Full,24600
Honda,2021,21284.0,2.0,Hybrid,Automatic,2,1,Full,39600
Kia,2007,167224.0,1.4,Hybrid,Automatic,2,0,Full,25400
Nissan,2021,51958.0,1.5,Petrol,Automatic,1,0,Partial,31300
Toyota,2013,212513.0,1.6,Diesel,Automatic,1,1,Partial,25000
Nissan,2006,226332.0,,Petrol,Automatic,3,1,Full,9500
Toyota,2017,92280.0,1.5,Hybrid,Manual,2,1,Partial,28700
Ford,2006,179352.0,2.0,Petrol,Automatic,1,0,Full,17400
Mazda,2015,139416.0,1.6,Diesel,Automatic,1,1,None,27300
Honda,2019,92517.0,1.5,Diesel,Automatic,2,0,None,35900
Nissan,2015,203532.0,1.6,Petrol,Automatic,2,0,,23800
Nissan,2007,269868.0,1.2,Petrol,Manual,2,1,Partial,4000
Mercedes,2007,269612.0,2.2,Diesel,Manual,2,0,Partial,9400
Toyota,2016,104221.0,1.5,Diesel,Manual,1,1,Partial,25200
Ford,2009,203196.0,2.0,Petrol,Manual,2,0,Partial,11800
Hyundai,2011,247777.0,1.2,Diesel,Manual,1,0,None,15600
Chevrolet,2011,192544.0,3.5,Petrol,Automatic,3,1,Partial,12100
Hyundai,2017,84606.0,1.4,Diesel,Automatic,2,0,Partial,30600
Honda,2013,160337.0,2.5,Petrol,Automatic,1,0,Partial,28800
Hyundai,2017,107868.0,2.2,Hybrid,Automatic,1,0,Partial,36500
Mercedes,2016,113003.0,3.5,Petrol,Automatic,3,1,Partial,17800
Mazda,2017,65158.0,1.6,Petrol,Automatic,1,0,,31200
Toyota,2014,168542.0,2.0,Petrol,Automatic,1,0,Full,24400
Mazda,2005,350000.0,1.6,Petrol,Manual,2,0,Full,4100
Mercedes,2012,160410.0,1.4,Diesel,Manual,1,1,Partial,8800
Chevrolet,2020,65259.0,1.6,Petrol,Automatic,2,0,Full,27300
Ford,2017,132801.0,1.4,Hybrid,Automatic,1,1,None,24900
Hyundai,2007,350000.0,4.0,Petrol,Automatic,2,0,Partial,13600
Kia,2007,243096.0,1.2,Petrol,Manual,1,0,Partial,11100
Toyota,2009,117933.0,1.8,Petrol,Manual,1,0,Full,25500
Kia,2015,158008.0,2.0,Petrol,Automatic,3,0,Partial,22800
Hyundai,2011,208702.0,1.8,Petrol,Manual,2,0,,14800
Toyota,2014,130304.0,2.0,Petrol,Automatic,1,1,Partial,24100
Ford,2014,160500.0,1.2,Petrol,Automatic,1,1,Full,14900
Mazda,2006,285483.0,1.8,Petrol,Automatic,2,0,Partial,16500
Toyota,2007,277890.0,1.5,Diesel,Automatic,2,0,Partial,16500
Hyundai,2012,179184.0,3.0,Diesel,Automatic,4,1,Partial,18500
Ford,2015,116142.0,2.2,Petrol,Automatic,4,0,None,17700
Hyundai,2017,129360.0,3.5,Petrol,Automatic,2,0,None,29100
Toyota,2011,194095.0,1.0,Electric,Automatic,1,0,None,26500
Nissan,2017,123658.0,1.5,Diesel,Manual,2,0,Partial,26000
Chevrolet,2006,210662.0,1.4,Diesel,Manual,2,1,None,3600
Chevrolet,2010,205395.0,1.0,Petrol,Manual,1,0,Partial,10800
Mazda,2013,80565.0,1.5,Hybrid,Automatic,1,0,Full,30400
Toyota,2006,230085.0,2.0,Hybrid,Automatic,1,0,Full,20100
Mazda,2022,50754.0,1.5,Diesel,Automatic,1,1,Full,35700
Toyota,2020,59939.0,,Electric,Manual,1,0,Full,42400
Toyota,2016,100790.0,2.5,Petrol,Manual,2,0,Full,32800
Ford,2011,69866.0,2.0,Petrol,Automatic,2,1,Full,22000
BMW,2011,113581.0,1.6,Hybrid,Manual,2,1,Partial,14400
Mazda,2021,31600.0,1.6,Hybrid,Automatic,1,1,Full,39300
Hyundai,2017,120963.0,,Petrol,Automatic,1,1,Full,23800
BMW,2015,155632.0,1.4,Petrol,Automatic,2,0,Partial,17400
Ford,2010,213330.0,2.0,Petrol,Manual,1,0,Partial,15800
Chevrolet,2018,79264.0,1.6,Petrol,Manual,2,0,None,26800
BMW,2010,198866.0,2.5,Hybrid,Manual,4,0,Partial,10900
BMW,2010,255271.0,2.2,Diesel,Automatic,1,1,Full,7400
Honda,2006,288554.0,2.0,Petrol,Automatic,1,1,,9700
Nissan,2019,67397.0,1.6,Petrol,Manual,2,1,Full,26700
Mazda,2021,63066.0,1.4,Petrol,Automatic,4,0,Full,28900
Honda,2012,275904.0,2.2,Petrol,Automatic,2,1,Full,15600
Toyota,2009,145923.0,1.6,Diesel,Manual,3,1,None,17100
Hyundai,2021,45070.0,1.5,Electric,Automatic,1,0,Full,42600
Hyundai,2005,350000.0,,Hybrid,Automatic,4,1,Full,4400
Ford,2022,24778.0,1.4,Petrol,Manual,1,0,Full,36400
Kia,2019,75804.0,2.2,Hybrid,Manual,1,0,Partial,41200
Honda,2009,218834.0,1.5,Hybrid,Automatic,3,0,Full,23000
BMW,2011,215523.0,1.8,Hybrid,Automatic,3,0,Full,384
Kia,2022,30480.0,1.6,Petrol,Automatic,1,0,Full,40100
BMW,2010,142628.0,1.8,Petrol,Automatic,1,0,Full,19800
Hyundai,2009,234431.0,2.5,Petrol,Automatic,1,1,Full,13700
BMW,2023,5834.0,2.5,Petrol,Automatic,1,0,Partial,38000
Ford,2014,141016.0,1.6,Petrol,Automatic,1,1,Full,14900
Chevrolet,2019,49467.0,1.0,Petrol,Automatic,4,0,Partial,20100
BMW,2014,161782.0,1.6,Petrol,Manual,2,0,Partial,11300
Kia,2020,43020.0,1.8,Diesel,Automatic,2,0,Partial,36500
Honda,2016,111905.0,1.8,Petrol,Automatic,2,0,Full,29700
Honda,2022,45476.0,2.0,Petrol,Automatic,2,0,Full,36700
Toyota,2005,,1.4,Electric,Automatic,2,0,Full,24800
Hyundai,2020,33014.0,2.0,Electric,Manual,2,0,Partial,43700
Ford,2010,227631.0,1.4,Hybrid,Manual,1,0,Partial,12800
Nissan,2007,217074.0,2.2,Electric,Manual,2,1,Full,16400
BMW,2006,253281.0,1.5,Diesel,Automatic,2,0,Partial,5200
Chevrolet,2006,218118.0,2.0,Electric,Automatic,3,0,Partial,17800
Honda,2017,162007.0,1.2,Petrol,Manual,4,0,Partial,19900
Nissan,2013,101510.0,,Petrol,Automatic,1,0,Full,24000
Mazda,2020,106137.0,2.0,Petrol,Automatic,2,0,Partial,36200
Mazda,2009,218403.0,1.5,Petrol,Automatic,1,1,,14500
Nissan,2011,194860.0,2.2,Petrol,Automatic,2,1,Partial,14200
Mazda,2017,94941.0,2.0,Diesel,Automatic,1,0,Full,32800
Hyundai,2017,87404.0,1.8,Hybrid,Automatic,1,0,Full,39300
Toyota,2011,,1.5,Diesel,Manual,1,0,None,25800
Toyota,2014,167549.0,1.6,Petrol,Manual,2,1,Partial,18200
Kia,2019,54938.0,1.8,Hybrid,Automatic,1,0,Full,35900
Hyundai,2010,235612.0,1.6,Diesel,Automatic,3,0,Full,13000
Nissan,2009,100599.0,2.0,Petrol,Automatic,1,1,Partial,19100
BMW,2006,291048.0,1.6,Diesel,Manual,3,1,None,1500
Toyota,2019,89383.0,1.4,Petrol,Manual,2,1,Partial,28400
Toyota,2020,,1.4,Petrol,Automatic,1,1,None,32100
Hyundai,2023,21182.0,1.0,Hybrid,Manual,1,1,Full,38800
BMW,2013,,1.5,Petrol,Automatic,2,0,Partial,15000
Honda,2023,28377.0,2.0,Petrol,Automatic,2,0,Partial,37600
Mercedes,2011,169938.0,2.2,Hybrid,Automatic,2,1,Partial,12000
Toyota,2008,350000.0,1.4,Diesel,Automatic,1,0,,8500
Hyundai,2007,90179.0,3.5,Petrol,Automatic,2,1,Partial,18600
Honda,2015,121847.0,1.8,Petrol,Manual,4,0,Partial,21600
Nissan,2005,161569.0,3.0,Petrol,Automatic,1,0,Partial,16500
Ford,2010,311592.0,2.0,Diesel,Automatic,1,0,Partial,16500
BMW,2015,132528.0,2.0,Petrol,Automatic,1,0,Partial,20200
Toyota,2005,270558.0,,Petrol,Automatic,2,0,Partial,10900
Toyota,2011,231761.0,1.4,Electric,Automatic,2,0,Full,29100
BMW,2010,223223.0,1.0,Diesel,Automatic,1,0,Full,13500
BMW,2018,73108.0,2.0,Petrol,Manual,1,1,Partial,21800
Hyundai,2006,178873.0,1.5,Diesel,Automatic,1,0,None,18800
Ford,2008,250605.0,2.2,Diesel,Automatic,1,0,,13400
Mazda,2015,148566.0,1.5,Petrol,Automatic,1,0,Partial,24000
Nissan,2019,81328.0,2.2,Petrol,Automatic,4,0,Full,29300
Mazda,2022,36603.0,1.4,Hybrid,Manual,2,1,Full,33300
Toyota,2005,,1.4,Petrol,Automatic,1,1,Partial,19200
BMW,2007,259113.0,1.5,Diesel,Automatic,3,1,Partial,4700
Toyota,2007,,1.6,Petrol,Automatic,2,1,Full,5600
Honda,2011,187969.0,1.5,Petrol,Automatic,2,0,Partial,22300
Chevrolet,2005,122434.0,2.2,Petrol,Manual,1,1,Partial,10400
Honda,2015,88342.0,1.2,Petrol,Manual,1,1,None,26300
Mercedes,2010,235302.0,1.5,Petrol,Automatic,3,1,,6100
Hyundai,2007,263760.0,2.5,Petrol,Manual,2,0,Partial,10300
Mazda,2023,15852.0,1.2,Hybrid,Automatic,1,1,Full,39100
Mercedes,2006,212520.0,3.0,Electric,Manual,2,0,Full,17000
Toyota,2022,31555.0,4.0,Hybrid,Manual,3,1,Partial,43900
Ford,2016,79128.0,1.2,Hybrid,Automatic,1,0,,30800
Mercedes,2014,166029.0,1.5,Petrol,Automatic,2,0,Full,15300
Toyota,2009,236421.0,1.6,Electric,Automatic,4,0,None,23600
Ford,2013,122931.0,2.2,Petrol,Automatic,1,0,Partial,24500
Toyota,2006,350000.0,1.8,Electric,Manual,2,0,Partial,16200
Toyota,2006,,2.0,Electric,Automatic,2,1,Partial,28000
BMW,2010,206033.0,2.2,Diesel,Automatic,2,0,Full,9800
Toyota,2014,111510.0,1.2,Electric,Manual,1,0,Partial,34100
Mercedes,2022,43601.0,2.5,Diesel,Automatic,1,0,Full,34100
Hyundai,2016,130561.0,2.0,Petrol,Automatic,2,0,None,24300
Nissan,2008,214278.0,1.8,Petrol,Automatic,1,0,Full,11600
Honda,2021,42229.0,2.5,Diesel,Manual,1,0,Full,35000
Honda,2019,121422.0,2.0,Petrol,Manual,1,0,Partial,30900
Toyota,2010,160953.0,1.4,Diesel,Manual,1,0,Full,20800
Hyundai,2020,31433.0,1.6,Electric,Automatic,4,0,Full,37000
Mazda,2021,47742.0,1.8,Petrol,Automatic,1,0,Full,37700
Toyota,2007,638459.0,1.2,Hybrid,Manual,4,0,None,8800
Kia,2014,173037.0,3.5,Hybrid,Automatic,1,1,Partial,30700
Toyota,2009,257295.0,1.4,Electric,Automatic,2,0,Full,21200
Mercedes,2018,123562.0,2.0,Electric,Automatic,1,0,,36500
Mazda,2017,73583.0,1.8,Diesel,Automatic,2,0,Full,32400
Nissan,2010,144874.0,1.0,Electric,Manual,2,0,Partial,22900
Mazda,2016,152916.0,3.0,Hybrid,Automatic,1,0,Partial,32000
Nissan,2012,120577.0,2.5,Petrol,Automatic,3,0,Full,26200
Ford,2009,127591.0,,Petrol,Automatic,1,0,,21900
Nissan,2019,104494.0,1.5,Diesel,Automatic,2,0,Full,28500
Toyota,2020,30704.0,1.4,Petrol,Manual,4,0,Full,30700
Kia,2005,258595.0,1.6,Diesel,Automatic,3,0,Full,3700
Mercedes,2020,57842.0,1.5,Diesel,Manual,4,1,Partial,16300
Nissan,2009,297362.0,1.8,Petrol,Automatic,1,0,Full,10700
BMW,2007,128623.0,3.5,Diesel,Automatic,1,0,Partial,18600
Hyundai,2019,84712.0,1.8,Hybrid,Manual,1,1,Partial,34600
Mercedes,2017,85687.0,2.5,Petrol,Automatic,2,1,Full,16800
Mazda,2020,81805.0,2.0,Petrol,Manual,2,0,Partial,27700
Toyota,2015,99443.0,1.6,Petrol,Automatic,1,1,Partial,28000
Toyota,2006,350000.0,2.5,Petrol,Automatic,2,0,Full,9800
Honda,2010,160073.0,1.6,Hybrid,Automatic,1,0,Partial,25700
Honda,2010,59910.0,2.5,Petrol,Automatic,1,0,Full,34800
Nissan,2018,85333.0,1.5,Diesel,Automatic,2,0,None,32200
Honda,2015,143773.0,1.4,Petrol,Automatic,2,0,Partial,28400
Chevrolet,2012,236905.0,2.5,Petrol,Automatic,3,0,Partial,13300
Ford,2012,120314.0,1.8,Hybrid,Automatic,1,0,,25600
Honda,2005,188691.0,2.5,Diesel,Manual,2,0,Partial,15000
Nissan,2011,241238.0,3.0,Petrol,Automatic,1,0,Partial,21800
Hyundai,2010,142673.0,1.2,Petrol,Manual,1,0,Partial,21500
Mercedes,2012,171270.0,1.8,Petrol,Automatic,2,0,Full,14600
Mercedes,2023,27756.0,1.6,Petrol,Manual,3,0,Partial,28800
Mazda,2012,190722.0,2.0,Diesel,Manual,1,1,Full,21100
Honda,2018,68704.0,,Petrol,Automatic,1,0,Full,33700
Chevrolet,2022,17773.0,1.5,Petrol,Automatic,2,0,Partial,32700
Chevrolet,2020,59408.0,1.8,Petrol,Automatic,1,1,Full,29600
Hyundai,2013,129689.0,2.0,Hybrid,Manual,3,0,,20000
Honda,2019,37444.0,1.4,Electric,Automatic,2,1,Partial,40000
Hyundai,2014,192565.0,2.2,Petrol,Automatic,1,0,Full,21000
Toyota,2020,78405.0,1.8,Hybrid,Automatic,2,0,Full,40500
Toyota,2008,345483.0,3.0,Petrol,Manual,2,0,,15400
Honda,2017,133852.0,1.5,Petrol,Automatic,1,0,Partial,27700
BMW,2009,132407.0,1.2,Hybrid,Manual,2,0,Partial,13200
Nissan,2011,211611.0,1.8,Hybrid,Automatic,1,1,,19000
Mazda,2013,110150.0,1.2,Electric,Automatic,2,1,Partial,28500
Mazda,2012,93711.0,,Diesel,Automatic,1,0,Partial,33900
BMW,2020,58287.0,1.0,Petrol,Automatic,3,1,Full,22300
Ford,2010,267129.0,2.2,Hybrid,Automatic,1,0,Partial,17300
Ford,2020,71558.0,1.8,Petrol,Automatic,1,0,None,32300
Chevrolet,2010,121883.0,1.6,Diesel,Automatic,3,0,Full,15300
Toyota,2018,76129.0,1.2,Petrol,Automatic,1,1,,31900
Nissan,2005,650410.0,2.0,Diesel,Automatic,1,0,Full,16800
Mercedes,2013,81797.0,1.8,Petrol,Automatic,1,0,Partial,19600
BMW,2017,129736.0,1.5,Petrol,Automatic,1,1,Full,16000
Mazda,2023,21629.0,3.0,Hybrid,Automatic,3,0,Partial,42000
BMW,2021,25617.0,1.5,Petrol,Automatic,2,0,Partial,27500
Nissan,2015,95083.0,1.6,Diesel,Automatic,1,0,Partial,26500
Kia,2012,226546.0,1.8,Petrol,Manual,2,0,Full,12100
BMW,2009,214138.0,1.2,Petrol,Automatic,2,0,Partial,9500
Ford,2014,202111.0,3.0,Petrol,Automatic,3,1,Full,14100
Hyundai,2011,266963.0,1.6,Petrol,Manual,1,0,Partial,15200
Kia,2014,206750.0,1.2,Hybrid,Manual,2,0,Partial,19800
Honda,2008,202304.0,1.6,Petrol,Automatic,2,0,Full,13800
Hyundai,2013,64735.0,1.8,Electric,Automatic,2,0,None,35500
Hyundai,2018,98677.0,1.8,Diesel,Automatic,2,0,Full,28500
Mazda,2006,350000.0,2.0,Petrol,Manual,1,1,None,4900
Toyota,2013,,1.2,Diesel,Automatic,2,0,Full,19700
Mazda,2005,140540.0,,Diesel,Manual,2,0,Full,11300
Kia,2014,120267.0,2.2,Hybrid,Automatic,4,0,Full,22100
Honda,2014,146903.0,1.2,Petrol,Manual,1,0,Full,22700
Honda,2007,183989.0,2.5,Petrol,Manual,2,1,Partial,12500
Chevrolet,2010,68127.0,1.2,Hybrid,Manual,3,1,Partial,17700
Honda,2010,202893.0,2.5,Electric,Automatic,2,0,Partial,26600
Nissan,2006,215181.0,1.6,Hybrid,Manual,3,1,Full,7100
Mercedes,2022,59921.0,2.0,Petrol,Automatic,3,0,Full,31400
Honda,2006,274914.0,1.4,Hybrid,Automatic,1,0,Partial,19600
Nissan,2016,144679.0,1.2,Petrol,Automatic,2,0,Full,26200
BMW,2009,212897.0,1.4,Petrol,Automatic,1,0,Partial,13000
Mercedes,2011,192823.0,1.4,Petrol,Automatic,2,1,Partial,9900
Ford,2020,59774.0,1.5,Diesel,Manual,1,0,Full,29600
Hyundai,2005,210267.0,1.8,Petrol,Automatic,2,0,,13500
Honda,2005,350000.0,1.8,Petrol,Manual,2,1,,1500
BMW,2021,52275.0,2.2,Hybrid,Manual,1,0,Partial,31500
Chevrolet,2005,265971.0,2.0,Petrol,Automatic,1,1,Full,1500
Honda,2017,121875.0,1.8,Petrol,Automatic,4,0,Full,26300
Hyundai,2013,193787.0,1.6,Petrol,Automatic,1,0,Full,22300
Ford,2019,106349.0,1.6,Electric,Automatic,1,1,Full,32700
Mazda,2007,273959.0,1.6,Diesel,Automatic,1,0,Full,13800
Toyota,2018,62605.0,2.5,Petrol,Manual,4,1,Partial,21000
Chevrolet,2015,136208.0,1.5,Hybrid,Manual,4,0,Partial,20400
BMW,2016,125721.0,1.0,Hybrid,Manual,2,1,Partial,17800
Honda,2017,137919.0,2.0,Petrol,Manual,3,0,Full,26800
Toyota,2017,41843.0,1.4,Diesel,Automatic,1,0,None,36700
Honda,2005,302074.0,2.5,Hybrid,Automatic,4,1,Full,9300
Mercedes,2014,100465.0,2.5,Diesel,Manual,1,0,Partial,23200
Ford,2007,221533.0,1.2,Petrol,Automatic,1,1,None,9300
Nissan,2008,294687.0,1.2,Hybrid,Automatic,1,1,Partial,13700
BMW,2020,65773.0,1.8,Diesel,Manual,2,1,None,23600
Honda,2012,158923.0,,Petrol,Manual,2,1,Partial,18500
Hyundai,2020,50301.0,1.5,Petrol,Manual,1,0,Full,32100
Mazda,2021,,2.0,Petrol,Manual,4,0,Full,31900
Honda,2023,30675.0,1.8,Petrol,Manual,1,0,Full,42400
Honda,2019,66434.0,1.5,Hybrid,Automatic,1,0,Full,40300
Toyota,2020,39648.0,1.0,Petrol,Manual,2,0,Partial,31500
Mazda,2019,97304.0,2.2,Petrol,Automatic,2,0,Full,33100
Hyundai,2006,350000.0,1.4,Diesel,Automatic,3,0,Partial,2000
BMW,2015,195550.0,2.5,Petrol,Automatic,2,0,Full,17600
Nissan,2005,350000.0,1.6,Electric,Automatic,2,0,Full,9900
Nissan,2019,90453.0,1.8,Petrol,Manual,1,1,None,27600
Hyundai,2023,3770.0,2.5,Petrol,Automatic,2,0,Full,765
Nissan,2008,,2.5,Petrol,Automatic,4,0,Partial,12200
Honda,2015,133781.0,1.6,Petrol,Manual,1,1,Partial,24500
Toyota,2009,207033.0,1.4,Petrol,Manual,3,0,Full,12600
Honda,2007,338662.0,2.2,Diesel,Automatic,2,1,Partial,6600
Toyota,2017,97110.0,1.6,Electric,Automatic,1,0,Full,40000
Mercedes,2014,190130.0,1.4,Petrol,Automatic,4,0,Partial,9200
Kia,2015,153788.0,3.0,Diesel,Automatic,2,0,Partial,27600
Toyota,2022,22819.0,1.4,Diesel,Automatic,1,1,Full,38000
Toyota,2006,132640.0,1.0,Hybrid,Manual,1,0,Partial,22900
BMW,2011,137151.0,,Petrol,Manual,1,1,Full,12900
Kia,2013,146490.0,2.0,Petrol,Manual,3,0,Partial,15300
Ford,2014,173041.0,,Petrol,Manual,2,0,None,15000
Mercedes,2022,35262.0,1.5,Diesel,Automatic,3,0,None,26800
Toyota,2011,236088.0,1.5,Hybrid,Automatic,1,0,Partial,23700
Honda,2011,166568.0,,Petrol,Automatic,1,0,Full,22100
Chevrolet,2007,266636.0,2.0,Petrol,Manual,1,1,None,1500
Chevrolet,2016,131301.0,1.2,Hybrid,Automatic,2,0,Full,30800
Toyota,2011,283354.0,3.0,Hybrid,Manual,4,0,,11200
Kia,2021,42644.0,1.5,Electric,Manual,2,0,Full,40400
Hyundai,2005,350000.0,4.0,Hybrid,Manual,1,1,None,11100
Nissan,2009,192602.0,1.4,Petrol,Automatic,3,1,Partial,8700
BMW,2020,43315.0,2.2,Diesel,Automatic,2,1,Partial,29600
Mercedes,2019,63304.0,1.5,Diesel,Automatic,1,1,Full,23400
BMW,2006,350000.0,1.2,Petrol,Automatic,3,1,Partial,1500
Hyundai,2013,,2.5,Diesel,Automatic,1,1,Partial,15900
Toyota,2011,234734.0,2.5,Diesel,Manual,1,0,Partial,23800
Toyota,2008,283326.0,1.6,Petrol,Manual,1,0,Full,12700
Ford,2022,17273.0,2.0,Hybrid,Manual,2,0,Full,33200
Mazda,2008,265166.0,1.8,Diesel,Automatic,1,0,Full,18100
Honda,2017,103053.0,2.5,Electric,Automatic,1,0,Full,45000
Hyundai,2005,350000.0,1.5,Petrol,Manual,1,0,Full,2400
Chevrolet,2007,243876.0,1.8,Petrol,Automatic,2,0,Full,9100
Toyota,2020,35342.0,1.6,Diesel,Automatic,4,1,Full,29200
Hyundai,2008,157717.0,1.5,Petrol,Manual,2,0,Full,14000
BMW,2020,71692.0,2.5,Diesel,Automatic,1,1,Full,26600
Nissan,2023,11856.0,1.4,Hybrid,Automatic,1,1,None,37700
Honda,2005,178475.0,1.4,Petrol,Automatic,1,1,Partial,12200
Mazda,2009,244125.0,1.8,Diesel,Manual,1,1,Full,12100
Nissan,2023,18811.0,2.0,Diesel,Automatic,2,1,Partial,34600
Kia,2015,174204.0,1.4,Petrol,Manual,2,0,Partial,22000
Hyundai,2017,136592.0,1.6,Electric,Automatic,2,0,None,36100
Mercedes,2009,225143.0,3.0,Hybrid,Automatic,2,0,Full,12100
Hyundai,2008,162455.0,1.5,Diesel,Automatic,1,1,Full,15900
Nissan,2008,,2.0,Diesel,Automatic,1,1,None,19200
Mercedes,2008,350000.0,2.0,Petrol,Automatic,2,1,Full,1500
Toyota,2008,260902.0,1.6,Hybrid,Automatic,1,0,Full,20800
Kia,2022,35084.0,3.0,Diesel,Manual,1,0,,40200
Hyundai,2022,44913.0,,Diesel,Automatic,1,0,Full,38800
Hyundai,2020,,1.6,Hybrid,Manual,1,0,None,36100
Honda,2013,206516.0,,Petrol,Automatic,1,0,Full,21800
Hyundai,2022,27363.0,2.0,Hybrid,Automatic,3,0,None,41500
BMW,2006,287772.0,1.8,Petrol,Automatic,3,1,None,1500
Hyundai,2008,143521.0,2.5,Petrol,Automatic,1,0,,22000
Toyota,2016,116521.0,1.5,Petrol,Automatic,1,0,Full,31900
Hyundai,2011,231077.0,1.5,Electric,Manual,2,1,Full,17900
Chevrolet,2019,51611.0,1.4,Hybrid,Automatic,1,0,Full,34700
Toyota,2011,229065.0,1.0,Diesel,Automatic,1,0,Full,19600
Chevrolet,2021,33635.0,1.2,Diesel,Manual,1,0,Partial,32400
BMW,2020,,2.5,Diesel,Manual,1,0,Full,29800
Nissan,2023,12522.0,2.0,Electric,Automatic,2,0,None,44700
Nissan,2013,101586.0,2.0,Petrol,Automatic,3,0,Partial,21500
Mercedes,2018,54561.0,2.0,Petrol,Automatic,1,0,Partial,28100
Mazda,2021,35065.0,2.5,Petrol,Automatic,1,0,None,41900
Nissan,2009,114478.0,1.6,Hybrid,Manual,1,0,Full,25800
BMW,2006,221930.0,2.5,Diesel,Automatic,1,1,Full,5400
Ford,2020,74219.0,1.5,Petrol,Automatic,4,0,,24900
Hyundai,2018,59742.0,3.0,Petrol,Automatic,2,1,Full,28900
Nissan,2018,66199.0,2.0,Hybrid,Automatic,2,0,Partial,31200
Mazda,2005,301488.0,1.5,Petrol,Automatic,2,0,Full,9000
Nissan,2007,265074.0,1.8,Diesel,Automatic,3,1,Full,6900
BMW,2011,284796.0,1.8,Electric,Automatic,3,0,None,20100
Nissan,2019,93998.0,1.4,Petrol,Manual,1,0,Full,28200
Toyota,2023,29444.0,1.8,Petrol,Automatic,1,0,Partial,457
Mercedes,2006,333685.0,1.5,Diesel,Automatic,2,0,Full,1500
Toyota,2023,19663.0,1.2,Hybrid,Automatic,1,1,Full,39800
Ford,2013,154716.0,3.0,Diesel,Manual,4,1,Partial,16100
Ford,2023,21020.0,2.0,Electric,Automatic,2,0,None,45600
BMW,2009,114614.0,2.5,Petrol,Manual,4,0,Full,19600
Mazda,2022,44048.0,2.0,Diesel,Automatic,1,0,Full,37300
Ford,2020,59506.0,1.5,Diesel,Automatic,3,1,Full,26800
BMW,2008,211590.0,1.8,Hybrid,Automatic,1,1,Full,11000
Honda,2016,889943.0,2.0,Petrol,Manual,4,1,Full,21600
Ford,2011,203479.0,3.5,Hybrid,Automatic,1,0,Partial,28100
Honda,2018,96346.0,1.5,Diesel,Automatic,2,1,Full,30700
Toyota,2016,118565.0,2.5,Petrol,Automatic,2,0,Full,27000
Hyundai,2007,206146.0,3.0,Petrol,Automatic,1,0,Partial,20600
Hyundai,2009,,2.0,Hybrid,Automatic,2,1,Full,18000
Hyundai,2021,38222.0,3.0,Petrol,Automatic,4,0,Full,28000
BMW,2014,143787.0,1.6,Petrol,Manual,1,1,None,14300
Ford,2014,143067.0,3.5,Petrol,Manual,2,0,Full,24100
Nissan,2015,198034.0,2.0,Hybrid,Automatic,1,1,Partial,24600
